id,first_name,last_name,email,gender,contact_number,dob,country
1,Devin,Reed,seth55@young.net,Non-binary,934-070-4385,1947-08-02,Austria
2,Andrew,Edwards,angelabrooks@fritz-garrett.com,Other,001-290-210-4513,1944-08-10,Netherlands Antilles
3,Derrick,Taylor,brittany86@daniel.com,Other,691.657.7540x9619,1955-02-06,Congo
4,Daniel,Martinez,curtiswells@gmail.com,Non-binary,+1-516-976-6602,1982-04-20,Tuvalu
5,Joseph,Manning,wendynelson@chase.com,Non-binary,452-021-9691x831,1978-08-09,Costa Rica
6,Michael,Reynolds,johnsonjessica@hotmail.com,Male,507-980-0847x3113,1978-09-17,Suriname
7,Max,Hamilton,taradavis@bradshaw.org,Male,001-173-292-6041x104,1975-07-08,Myanmar
8,Chad,Hunt,wallaceconnor@yahoo.com,Male,001-636-889-5902,1981-04-26,Hong Kong
9,William,Yu,cherylclark@moore-simmons.com,Male,609-508-4380x830,1991-11-18,Namibia
10,Alexander,Morales,rshort@jones.com,Male,970-552-9648x670,1965-12-26,Israel
11,Richard,Olsen,mackenzie22@baker.com,Other,679-180-6013x643,1998-10-20,French Southern Territories
12,Suzanne,Gray,moorewillie@graham.info,Other,429.788.5584x948,1960-03-22,Marshall Islands
13,Travis,Quinn,lowebrian@lee.com,Male,977.116.6606x1966,1949-04-09,Morocco
14,Jason,Gonzalez,freemanshawn@yahoo.com,Female,460.502.6699,1948-12-24,United States Virgin Islands
15,Rebecca,Anderson,jason19@hotmail.com,Male,977-626-2956x995,1959-07-11,Kiribati
16,James,Guerrero,bethkramer@yahoo.com,Non-binary,(722)027-5400,1986-07-26,Estonia
17,Mackenzie,Johnston,velasquezjessica@lopez.biz,Female,+1-089-120-2849x725,2004-10-05,Bouvet Island (Bouvetoya)
18,Larry,Foster,williamdean@yahoo.com,Other,(280)299-1461x53892,1944-10-29,Saint Kitts and Nevis
19,Paul,Harvey,christopherkemp@yahoo.com,Female,+1-854-755-7132x782,2002-11-01,Grenada
20,Stephanie,Payne,tamara24@miller-copeland.info,Male,001-407-355-8045x9898,2004-11-23,Dominica
21,Sandra,Sexton,braykeith@obrien.com,Other,+1-938-724-2378x9664,2002-10-01,South Georgia and the South Sandwich Islands
22,Stephanie,Moore,martinezsandra@gmail.com,Non-binary,(486)034-3069x8479,1972-07-13,Trinidad and Tobago
23,Stephen,Henderson,dtorres@gmail.com,Non-binary,(534)706-5958x83170,1952-11-02,Gibraltar
24,Anthony,Page,williamsjudith@hendricks.com,Male,001-265-709-2608x45302,1990-07-14,Azerbaijan
25,Morgan,Prince,benjaminbrowning@hotmail.com,Male,6727602740,1972-07-19,San Marino
26,Sherri,King,racheldavis@yahoo.com,Other,933-782-9973,2005-03-25,Canada
27,Janice,Church,randyclements@cobb.com,Other,+1-506-997-4707x7490,1977-10-31,Guernsey
28,Shelby,Davis,taylortravis@wheeler-carr.net,Male,(554)798-3026x160,1982-05-25,Guadeloupe
29,William,Osborne,michaelcain@yahoo.com,Non-binary,(268)055-0870x64002,1962-02-09,Swaziland
30,David,Thomas,nday@kennedy.com,Other,+1-157-638-1203x636,2004-03-21,Bhutan
31,Brandy,Lopez,mcdonaldjennifer@gmail.com,Other,+1-570-697-3427,1993-02-15,Romania
32,Kenneth,Mcknight,amber83@hotmail.com,Male,(590)281-8355,1984-08-03,Maldives
33,Leslie,Keller,hughesdavid@yahoo.com,Female,4611186588,1945-10-08,Samoa
34,Aaron,Gomez,xespinoza@brown.net,Male,879-632-1722,1990-05-21,Montserrat
35,William,Bowen,pmorris@hill.com,Female,311-790-1690,1977-11-04,Kenya
36,Leah,Landry,knightkathy@gmail.com,Female,(654)739-7808,1965-07-01,Costa Rica
37,Elizabeth,Cooper,alison32@jenkins-yang.biz,Male,+1-388-154-5844x099,2002-05-16,Mozambique
38,Joshua,Thompson,connerbrittany@palmer.com,Other,+1-331-938-2468,1972-05-02,Singapore
39,Adam,White,barry83@spencer.org,Female,(885)325-4590,1946-01-09,Bhutan
40,Anthony,Hernandez,schmidtrobert@gmail.com,Other,(797)195-7040x970,1945-01-18,Pakistan
41,Zachary,Weaver,anita21@johnson.com,Other,+1-535-116-4041x866,1974-08-19,Egypt
42,Sharon,Bauer,annebowers@lopez.net,Other,+1-426-865-6510x6977,2003-03-03,Kiribati
43,Sara,Acosta,julia62@hotmail.com,Non-binary,(351)000-0669x9431,1951-12-24,Argentina
44,Robert,Mann,cruzmichael@velez-brady.com,Other,459.503.9975x69586,1970-11-22,Guinea-Bissau
45,Susan,Smith,daviskevin@brown-perez.com,Other,001-334-208-0012x246,1963-07-04,Cambodia
46,Tracy,Simmons,brownmichael@gmail.com,Non-binary,001-037-685-3719x634,1948-10-05,Cambodia
47,Samantha,Clark,bpage@yahoo.com,Male,(067)699-5177x72450,1961-04-02,Tunisia
48,Kristen,Leon,dtorres@gmail.com,Female,8745494638,1992-04-14,Saint Lucia
49,Dennis,Wagner,ann35@white-nelson.com,Male,001-330-172-0542x6246,1972-04-10,Martinique
50,Laura,Hammond,dlong@yahoo.com,Male,532.262.0036,1969-07-03,Lithuania
51,Thomas,Wade,blewis@hotmail.com,Female,(024)397-7943x813,1955-11-26,Palau
52,Linda,Pearson,michelewolfe@juarez.com,Female,(032)418-4965,1983-08-09,Lithuania
53,Andrea,Wise,palmerangela@collins.com,Female,250-667-7851x054,1961-04-29,Spain
54,Robert,Ingram,bowerstrevor@kim-mendoza.com,Female,475-290-1392x3275,1966-05-14,Turks and Caicos Islands
55,Johnathan,Miller,wrightrhonda@yahoo.com,Other,550-410-0729x693,1959-12-27,Latvia
56,Jennifer,Henderson,schmidtdonna@yahoo.com,Female,077-571-5361x401,1998-11-12,Holy See (Vatican City State)
57,Sarah,Fuller,sarah69@yahoo.com,Non-binary,268.301.9633,1984-04-11,Yemen
58,Brian,Yang,ryanhale@mckenzie.com,Male,433.799.2144,1978-04-26,French Guiana
59,Angel,Simon,loriibarra@yahoo.com,Male,8320678934,1974-03-21,Nauru
60,Casey,Adams,dbutler@yahoo.com,Female,001-309-847-6507,1955-03-10,Netherlands
61,Kimberly,Castillo,andrew63@gmail.com,Non-binary,001-903-244-0350,1975-01-14,Cote d'Ivoire
62,Anthony,Hodges,ihouse@park-mills.com,Non-binary,6520570588,2003-07-19,Isle of Man
63,Angelica,Harrell,joannawebb@myers-wise.com,Non-binary,001-690-851-4559x520,1994-06-18,Cyprus
64,Mallory,Simmons,robert01@mcclure.com,Male,+1-515-343-1674x5781,2000-12-14,Mauritius
65,Andrew,Welch,kristabond@bennett.com,Female,5116155119,1992-01-13,Philippines
66,Frederick,James,jacquelinecosta@wilcox-mitchell.com,Non-binary,001-266-159-7925x655,1950-04-14,Cuba
67,Rachel,Schroeder,mitchellkelly@hotmail.com,Other,+1-899-034-5574,1968-02-09,Belgium
68,Jason,Butler,ellen63@yahoo.com,Female,066-121-4415,1966-06-21,Nicaragua
69,Samantha,Fischer,johnmartin@yahoo.com,Male,+1-190-812-2445x9003,1950-05-03,Greenland
70,Christopher,Miller,brandonwilliams@hotmail.com,Non-binary,611-429-9764,1960-02-14,Lesotho
71,Wendy,Baxter,ogarcia@christian.com,Other,4557794027,1982-12-05,French Southern Territories
72,Amy,Lee,brittany97@gmail.com,Other,173-309-8537x2177,1984-10-09,Colombia
73,Bryan,Hopkins,benjaminday@yahoo.com,Male,286-661-4468,1977-01-24,United Kingdom
74,Ronald,Jenkins,williamscasey@holder-hernandez.org,Non-binary,(527)916-5572x2956,1997-05-03,Grenada
75,Christie,Walker,loganjared@anderson.com,Other,(263)892-0902x20295,1957-05-12,Samoa
76,Nicholas,Smith,jonathanthompson@goodman-rogers.com,Non-binary,(629)692-9739x566,2000-02-08,Morocco
77,Lindsay,King,lgilbert@gmail.com,Male,+1-960-024-4136x472,1981-02-27,Cote d'Ivoire
78,Corey,Jensen,greenedana@yahoo.com,Other,104-566-2027,1952-08-21,Latvia
79,Tiffany,Rodgers,yrose@yahoo.com,Male,001-166-702-3915,1988-11-16,Lesotho
80,Jason,Holmes,jasonbarnes@wallace.net,Male,001-563-943-6496x9421,1946-03-09,Bhutan
81,Sabrina,Smith,crosschris@pham.org,Other,044.940.6970x1206,1982-09-25,Comoros
82,John,Coffey,tracy68@brown.net,Non-binary,(783)536-8263,2005-10-11,Djibouti
83,Charles,Briggs,lisa81@yahoo.com,Male,+1-031-190-3921,1986-10-10,Senegal
84,Connor,Nichols,charlessanchez@rodgers.info,Other,(069)634-6136x92039,1960-02-18,Tuvalu
85,David,Hopkins,robert35@torres.com,Other,3203568007,1977-08-15,Algeria
86,Sophia,Shannon,danielle69@taylor.net,Female,337.862.1446,1955-11-08,Marshall Islands
87,Jay,Moore,alexis42@yahoo.com,Female,122-644-7191x014,1963-10-02,Mauritania
88,Daniel,Wilkinson,tmiller@higgins.biz,Non-binary,(560)520-5445x64527,1984-05-07,Peru
89,Jill,Mendoza,qbaker@gmail.com,Other,721.141.4821,1955-10-02,Reunion
90,Xavier,Davis,catherinescott@rodriguez.biz,Non-binary,895-260-9565x730,1972-04-07,Nigeria
91,Jason,Love,smithluke@yahoo.com,Female,+1-079-396-9469x1817,1992-11-17,Nepal
92,Nancy,Martin,jesus11@yahoo.com,Male,001-743-168-3552x7652,1967-04-16,Cote d'Ivoire
93,Richard,Thomas,sbrown@williamson-gonzalez.com,Other,530-491-7708x6430,1964-10-17,Germany
94,Taylor,Collier,maria11@taylor-murphy.biz,Female,845.680.2852,2004-07-21,Chile
95,Sarah,Wolf,wadeevan@jackson.info,Male,(250)933-4694x0812,1946-08-28,Saint Kitts and Nevis
96,Luke,Walton,vguzman@valencia.com,Non-binary,3951657746,1979-03-20,Turkmenistan
97,Randy,Thomas,lgarcia@smith.org,Male,342-617-4723,1950-06-10,Reunion
98,Peggy,Henry,riveramichelle@hotmail.com,Other,+1-360-290-4446x50371,1975-01-07,Comoros
99,Timothy,Sims,nmccarthy@dickerson.com,Other,3498783736,1965-12-09,Afghanistan
100,Jason,Crawford,ffisher@hotmail.com,Male,252.765.5792x288,1945-09-09,Saint Martin
101,Courtney,Lane,tpotter@smith.com,Male,+1-911-460-1408x4047,1952-08-11,Pakistan
102,Brian,Smith,lori26@johnson-welch.org,Male,7136550809,1952-10-26,French Polynesia
103,Casey,Sullivan,ryandaniel@clark-knight.info,Female,+1-216-033-4016,1977-08-28,Nauru
104,Robert,Smith,ryanatkins@arroyo-rollins.com,Non-binary,010.822.3822,1959-10-23,Gibraltar
105,Todd,Rasmussen,xhayes@rice.com,Non-binary,225.228.6762,1984-11-03,China
106,Amanda,Tucker,thomaskaitlin@freeman.com,Non-binary,(152)813-6984x424,1956-06-27,Algeria
107,Jennifer,Rodriguez,lauren20@yahoo.com,Female,6216358840,1999-01-09,Christmas Island
108,Melissa,Mcfarland,eileen58@hotmail.com,Other,+1-459-228-2684x1105,1992-03-07,Paraguay
109,Tara,Abbott,kirstenlong@gmail.com,Male,001-968-634-4249,1998-02-16,Israel
110,Rachel,Martinez,agreene@martinez.biz,Other,7389369687,1988-10-15,Algeria
111,Chad,Bailey,herrerarichard@gmail.com,Non-binary,8079649730,1991-11-28,British Indian Ocean Territory (Chagos Archipelago)
112,Grant,Tate,adrian55@fuller.com,Other,325-852-0143x33773,1977-01-17,Zambia
113,Bobby,Johnston,frankmartin@gonzalez.com,Female,(755)310-4111x6848,1981-02-20,Malta
114,Nancy,Farmer,raymondchandler@martin.com,Female,+1-309-141-8599x7320,1999-12-27,Hungary
115,Robert,Horne,cassandra65@hotmail.com,Non-binary,001-166-581-9294x4921,1951-01-26,Belarus
116,David,Fitzpatrick,bergertina@hotmail.com,Other,179.192.5863x4834,1950-07-05,Brunei Darussalam
117,Chad,Frazier,cmarshall@gmail.com,Male,9272476814,1945-10-22,Cayman Islands
118,Christopher,Wagner,snydergregory@yahoo.com,Female,1805995953,1954-02-22,French Southern Territories
119,Nicole,Phillips,melinda06@ramos.com,Other,001-457-875-0934x628,1974-07-10,Croatia
120,Nicole,Richardson,laurenandersen@collins-rodriguez.biz,Female,458-532-7273,1965-06-01,Christmas Island
121,Sean,Hughes,anthonynavarro@hotmail.com,Male,(995)490-2599x4914,1995-12-12,Palestinian Territory
122,Amanda,Oconnor,xburns@gmail.com,Female,(865)404-0467,1964-01-19,Colombia
123,Joyce,Smith,joshua54@hotmail.com,Female,696.827.4546,1962-07-21,Russian Federation
124,Kyle,Barrett,davischristina@yahoo.com,Other,009-745-3817,1966-07-20,Singapore
125,Rachel,Aguilar,dryan@cannon.info,Other,+1-223-937-4603x852,1996-02-23,Bermuda
126,John,Johnson,atucker@wong.info,Female,895.669.6497x118,1984-07-16,Lao People's Democratic Republic
127,David,Parker,jmeyer@juarez-moore.net,Female,(850)452-7629x34330,2004-06-19,Bolivia
128,Molly,Booth,christinepeterson@walker.net,Male,994.141.8356,2004-07-18,Guernsey
129,Victoria,Berry,bartonkristy@yahoo.com,Female,+1-144-299-7393,1947-04-10,Liechtenstein
130,Darren,Thompson,bhoward@gmail.com,Other,+1-743-639-0492x4064,2004-08-18,Heard Island and McDonald Islands
131,Mark,Keller,leslierichards@gmail.com,Non-binary,001-669-955-3302x32082,1957-03-09,Saint Martin
132,Eduardo,Allen,brownleslie@gmail.com,Other,001-954-441-7810x86386,1989-12-09,Guinea-Bissau
133,Linda,Aguilar,jessica35@howard-park.com,Other,001-343-571-0176x1057,1981-06-04,Guatemala
134,Vanessa,Barron,mark97@schwartz.com,Other,(472)659-8605,1973-08-20,Japan
135,Sandra,Casey,jacksonheather@underwood.info,Male,366.271.2786,1964-02-01,Haiti
136,Amy,Miles,mark16@hotmail.com,Other,537-244-3437x739,1945-02-15,Greece
137,Amber,Garcia,hernandezlaurie@dyer-jordan.com,Non-binary,(977)172-2940x094,1966-12-17,Brazil
138,Nathaniel,Sullivan,otucker@mason-martin.com,Female,7127677943,1971-10-30,Nicaragua
139,Pamela,Merritt,robinevans@gmail.com,Other,6875555986,1973-12-18,South Georgia and the South Sandwich Islands
140,Andrew,Taylor,deanna22@yahoo.com,Male,512-218-9475,2006-12-13,Equatorial Guinea
141,Joseph,Berry,mccarthyzachary@long.net,Male,+1-222-258-0659,1982-01-11,Aruba
142,Megan,Ponce,sabrina21@hotmail.com,Other,(255)695-4272,1993-03-03,Reunion
143,Nancy,Phillips,fernandezdustin@yahoo.com,Male,001-284-057-6551,2002-01-11,Senegal
144,Andrew,Cortez,tammiehunter@yahoo.com,Non-binary,001-456-895-2579,1964-10-23,Philippines
145,John,Miller,christopher95@hotmail.com,Non-binary,221.701.0367,2006-01-12,United States of America
146,Daniel,Morales,fturner@smith.com,Non-binary,001-490-842-5895x41349,1953-01-22,Latvia
147,Melinda,Nunez,joy27@hotmail.com,Male,+1-614-417-9786x3720,1952-03-24,Iceland
148,Joseph,Knight,hillmegan@shelton.info,Female,782-370-6061,1952-11-20,United States Minor Outlying Islands
149,Erin,Diaz,david17@hotmail.com,Male,001-708-492-9392,1965-06-04,Lithuania
150,Michael,King,patelsusan@hotmail.com,Female,842-986-3514,1948-05-05,Ireland
151,Nicholas,Garner,cdavis@hotmail.com,Male,(520)479-4752x560,1951-09-19,United States Virgin Islands
152,Destiny,Fuentes,greenkimberly@arellano-daniels.com,Male,001-924-466-0288x191,1967-05-19,Hungary
153,Carlos,Peterson,ajohnson@gmail.com,Other,+1-015-582-5595x383,1961-06-13,Estonia
154,Andrea,Collins,kennethsanchez@yahoo.com,Non-binary,649.922.5971,1980-02-13,French Southern Territories
155,Elizabeth,Woodard,fmcdowell@skinner.com,Male,318.670.4101,1984-12-19,India
156,Zachary,Thomas,suttonmelissa@hotmail.com,Non-binary,(323)416-6830x499,1955-05-25,Japan
157,Jennifer,Martin,erivera@novak-scott.org,Non-binary,204-441-4071x7366,1984-02-14,Northern Mariana Islands
158,Julia,Wood,candice75@jones.com,Female,234-660-6746x353,1957-08-15,Somalia
159,Angela,Klein,thomascalderon@hotmail.com,Non-binary,(684)615-8250x5280,1976-03-20,Saudi Arabia
160,Jared,Hill,yolanda48@martinez.info,Non-binary,526-309-0719x807,1995-10-27,Uruguay
161,Stephen,Robinson,pittmandylan@yahoo.com,Male,701-406-6226x3300,1956-05-06,Bermuda
162,Jessica,Moses,whitejames@yahoo.com,Other,507.044.5770x400,1954-10-03,Kiribati
163,Beth,Moody,melissasilva@wilson-rowe.biz,Male,015-899-4667,1953-04-07,Spain
164,Robert,Erickson,hallchristopher@hardy.com,Male,1858013323,1975-07-12,Djibouti
165,Wayne,Ellison,qheath@hotmail.com,Non-binary,+1-272-977-8404x8124,1997-11-19,Aruba
166,Mark,Martinez,brentbarnes@diaz.info,Male,(342)175-4210,1982-07-25,Heard Island and McDonald Islands
167,Robert,Gibson,terrymichael@yahoo.com,Non-binary,001-509-528-1666x9468,1949-12-21,Bulgaria
168,Brian,Ortega,allenturner@yahoo.com,Non-binary,(619)676-6584x849,1955-05-09,Holy See (Vatican City State)
169,Yesenia,Pitts,martinezbrendan@thompson.com,Female,114.981.4944x0314,1960-08-08,Guinea-Bissau
170,Gabrielle,Diaz,brycewilson@yahoo.com,Non-binary,001-340-257-3604x139,1998-06-03,Finland
171,Connie,Keller,gjones@yahoo.com,Non-binary,001-193-557-9551x0323,1971-10-19,Peru
172,Lori,Palmer,angelvelez@yahoo.com,Female,001-901-315-3018x88567,1944-09-16,Malawi
173,Gary,Barnes,kristin65@gmail.com,Female,001-867-753-3038x6061,1979-01-04,Mauritania
174,James,Mayer,dmiller@gmail.com,Other,(718)644-3207,1964-11-22,Bahamas
175,Sandra,Wheeler,craiglaura@mcneil.com,Male,+1-785-016-5858x1134,2003-02-01,Isle of Man
176,Kathy,Johnson,tmartinez@gmail.com,Female,2792725661,1989-10-17,France
177,Thomas,Martinez,julia33@stevens.com,Non-binary,(374)587-4717x6121,1989-06-29,Norway
178,Lauren,Moore,larsonbilly@gmail.com,Male,001-989-635-3441x11954,1985-05-21,Ghana
179,Randy,Kennedy,jacksonerika@adams-nicholson.org,Male,001-267-841-8237,1972-09-30,Bangladesh
180,Brooke,Allen,laurenstone@gmail.com,Female,5223216790,1995-10-23,Cambodia
181,Tammy,Bray,charles00@whitaker.org,Other,954.428.8372x390,1952-03-22,Madagascar
182,Robin,Cooper,howardjohn@stevens.info,Male,785-732-7942x41832,1981-06-02,Bahrain
183,Jennifer,Saunders,gonzalezdonna@guerrero.com,Other,001-604-677-1638x79960,1981-08-29,Sierra Leone
184,Dennis,Maxwell,kyle31@moore.com,Other,(842)720-9239x15826,1966-04-03,Saint Pierre and Miquelon
185,John,Williams,ibowman@yahoo.com,Non-binary,748.683.3894,1963-10-05,Grenada
186,Jennifer,Butler,carol94@yahoo.com,Female,518-849-9087,1973-04-02,Guernsey
187,Spencer,Pennington,paulguzman@gmail.com,Female,001-352-491-6077,1972-05-01,Monaco
188,Thomas,Williams,wrightdouglas@quinn-turner.org,Male,443-270-9275x1320,1981-12-08,Denmark
189,Ernest,Gordon,odonnelljustin@stout.com,Other,001-925-302-1949x5155,1976-02-06,Algeria
190,Michael,Pineda,jwright@gmail.com,Female,+1-513-051-6341x0759,1992-10-13,Kiribati
191,Cory,Warner,lgreen@hotmail.com,Non-binary,351.059.9483,1977-08-16,Denmark
192,Amy,Jones,anita24@hotmail.com,Male,(814)440-7235,1989-09-22,Norfolk Island
193,Thomas,Martin,michael81@hotmail.com,Male,+1-969-292-3632x873,1979-03-10,Saint Barthelemy
194,Robert,Nelson,johnanderson@adams.net,Male,+1-904-883-1852x298,1965-10-26,Switzerland
195,Shelley,Allen,qwilliams@moyer.com,Non-binary,(742)673-5634,1984-06-12,Afghanistan
196,Gabrielle,Wagner,evansjason@yahoo.com,Male,119-713-2284x268,1944-12-12,Tanzania
197,Michael,Burgess,dharrison@yahoo.com,Male,(356)872-2151x269,1981-01-23,Guadeloupe
198,Amanda,Thompson,robertohicks@yahoo.com,Non-binary,(657)094-4724,1998-09-03,Congo
199,Kenneth,Holland,wilkinsabigail@garcia.com,Non-binary,(038)605-1243,1950-02-04,Korea
200,Cindy,Valenzuela,zbyrd@hotmail.com,Other,+1-669-070-3684x568,1968-08-04,San Marino
201,Madison,Ware,youngmichael@yahoo.com,Non-binary,001-255-765-1166x03321,1978-06-23,Cameroon
202,Joseph,Mendoza,ubarnes@hotmail.com,Female,8134567161,2004-07-27,Sweden
203,Thomas,Johnson,nday@hotmail.com,Male,152-195-4474x951,1980-05-16,Luxembourg
204,Robert,Gill,bharris@gmail.com,Female,001-194-961-7119x0366,1985-12-10,Belarus
205,Monica,Green,nicole93@andrews.com,Non-binary,180.765.1214x5071,1946-09-30,Rwanda
206,Rachel,Strickland,awells@hotmail.com,Male,(090)070-7146x94263,2005-02-13,Cyprus
207,Carl,Lawrence,shari68@morales-molina.com,Other,(442)039-2635x8411,1955-07-26,Slovenia
208,Madison,Bennett,braunmarcus@chandler.com,Female,781.911.5148x46642,1963-04-13,Isle of Man
209,Kenneth,Lopez,christopheraguilar@ruiz-hanson.net,Non-binary,8572172266,2000-08-21,Gibraltar
210,Abigail,Wallace,williamshaw@park.com,Male,831.941.3650x61857,1973-04-28,Eritrea
211,Jennifer,Diaz,costastephen@yahoo.com,Female,9903009939,1995-10-25,Switzerland
212,Richard,Flores,andrewbarnett@gmail.com,Non-binary,(551)899-9900,1969-12-06,Mayotte
213,Leon,Jackson,lambertbrandon@gmail.com,Male,(835)572-3460x85865,2006-10-18,Croatia
214,Amanda,Williams,ufrazier@griffin-golden.com,Female,+1-879-954-2024x151,1980-03-23,Taiwan
215,Deborah,Mcintosh,jfaulkner@gmail.com,Other,417-383-2107,1997-07-19,South Georgia and the South Sandwich Islands
216,John,Lara,william52@gomez.biz,Female,038-138-9491,1993-11-14,Nauru
217,Jacob,Vasquez,nelsonsteven@ramos.com,Female,708.803.6126,1991-11-11,Kyrgyz Republic
218,Miguel,Day,jasmine35@robinson.info,Non-binary,695.627.2837,1996-01-17,Monaco
219,Mark,Rivera,garciaamber@hotmail.com,Other,(643)960-4019x9325,2003-04-11,Yemen
220,Richard,Delacruz,danielrodriguez@hotmail.com,Female,315-264-7275x14764,2006-03-31,Hong Kong
221,Debra,Ford,johnsangelica@jenkins-torres.com,Non-binary,661-491-0432x97609,1984-09-16,Peru
222,Jimmy,Vasquez,rlopez@rivera-johnson.com,Female,+1-675-593-5579x13800,1975-03-01,Cocos (Keeling) Islands
223,Clinton,Brown,paula71@gmail.com,Other,596.920.2228,1948-04-01,Turkey
224,Sharon,Carter,ginabond@yahoo.com,Non-binary,001-627-093-6402x8589,1985-02-28,Reunion
225,Victoria,Potter,tarahenderson@taylor-haynes.com,Male,0804615118,2006-04-16,Ghana
226,Lynn,Wood,joshuahughes@freeman.info,Male,001-023-660-0276x26535,1950-12-18,Iraq
227,Tamara,Stewart,vbrown@williams.com,Non-binary,218.604.7805x992,1973-12-31,Tokelau
228,Michael,Robinson,valenciasara@roberts.org,Other,383.724.8525,1955-01-02,Nepal
229,George,Bowman,lyonssusan@osborne.com,Non-binary,(233)894-8465,1986-07-16,Saint Barthelemy
230,Benjamin,Wright,christopherperez@velasquez.com,Male,(683)208-8422x877,1961-04-26,Andorra
231,Jennifer,Wright,brandiduran@obrien.com,Male,410.926.8677x69353,2003-03-31,Poland
232,Carrie,Myers,andrew44@dougherty.biz,Female,6667037334,1954-01-26,New Caledonia
233,Donna,Gilbert,joanna18@munoz-mills.net,Male,3004039252,1988-05-24,Cape Verde
234,Ryan,Trevino,jesse31@gmail.com,Male,(824)200-4241,1964-07-11,United States Minor Outlying Islands
235,Michelle,Monroe,rsmith@richard-long.com,Other,593-565-0947,1958-03-16,Niger
236,Blake,Holmes,vscott@stephens.com,Non-binary,246.369.0654,1962-03-20,Suriname
237,John,Garcia,whudson@gmail.com,Other,035-314-5473x946,1956-11-18,Montenegro
238,Kathleen,Mitchell,miranda81@hill.info,Female,001-396-956-5670x8257,1979-06-14,Isle of Man
239,Nathan,Miles,nshort@yahoo.com,Female,870-246-2590x734,1977-12-19,Western Sahara
240,Krista,Gonzalez,danielwest@yahoo.com,Non-binary,+1-209-755-2475x880,1974-06-15,Botswana
241,Charles,Brown,jerry84@cooper-richardson.com,Male,+1-496-093-1807x72450,1965-08-21,Gambia
242,Justin,Barr,lopezchristopher@aguilar.com,Other,001-567-141-2924,1993-07-08,Luxembourg
243,Steve,Cameron,weeksjulia@stephens.com,Female,+1-721-860-7672,1981-05-04,Guatemala
244,Miguel,Brown,anna36@hotmail.com,Female,(535)387-7998,2001-10-13,United States of America
245,Derrick,Burnett,mark98@yahoo.com,Other,(896)138-5449x4994,1977-12-20,Tokelau
246,Dustin,Garcia,amy46@carter.com,Female,(485)026-1924x0511,1985-04-17,Honduras
247,Ronald,Moon,james33@monroe-christensen.com,Male,867-521-1407,2005-07-11,Yemen
248,Brianna,Boyd,fblack@johnson-perry.com,Non-binary,001-146-479-2413x00912,1963-06-07,Panama
249,Lee,Thomas,hannah62@hotmail.com,Non-binary,(246)733-5348,1969-06-05,Uzbekistan
250,David,Wilson,slee@key.com,Female,455.318.1125x13398,1962-03-31,Uruguay
251,Sherri,Duarte,sharon86@yahoo.com,Other,+1-423-884-6973x0406,2001-09-03,Uzbekistan
252,Nicole,Kennedy,john63@wise.info,Other,072-197-0843x48954,1976-01-12,Madagascar
253,Monica,Bennett,emartinez@sutton.info,Other,+1-386-095-0184x69405,1961-06-12,Suriname
254,Matthew,Williams,uclarke@martinez.biz,Female,+1-683-442-0572x837,1957-06-28,Martinique
255,Amber,Hall,hmiller@hotmail.com,Other,6052675530,2001-04-13,Yemen
256,Charles,Daniels,jrichardson@mcmahon.com,Non-binary,001-672-101-1187,1953-06-25,Libyan Arab Jamahiriya
257,Douglas,Austin,cpatel@kelley-garrett.info,Female,849.996.6776x79112,1988-03-28,Argentina
258,Michael,Heath,matthew02@gonzales.com,Male,058.812.6560,1946-09-26,Wallis and Futuna
259,Lisa,Mahoney,jonestrevor@west-mcdonald.info,Female,280-412-8150,1945-11-14,Guinea
260,Rose,Bowen,schultztravis@brown.net,Male,333.368.0898x0476,1952-10-19,Nigeria
261,Gary,Lin,erik77@gonzalez.com,Female,892-460-7068,1968-12-19,Burundi
262,Derek,Morrow,antoniolawrence@gmail.com,Male,405-377-0650x28151,1963-12-21,Ethiopia
263,Margaret,Rosario,christina38@stone.com,Other,542.513.3057x97856,1949-01-12,Bhutan
264,Angela,Davis,hillpamela@kim-ross.com,Female,(464)637-1343x3613,1998-12-02,Bahrain
265,Kimberly,Olson,brenda05@hotmail.com,Male,(643)982-2012x61909,1989-10-09,Faroe Islands
266,Joanna,Palmer,dhall@yahoo.com,Male,001-127-754-9811x293,1987-05-05,Congo
267,Wanda,Williamson,wolfestacy@fuller.net,Non-binary,001-443-520-8812x57747,2005-09-27,Spain
268,Carrie,Hayes,wesleywhite@castillo-hall.biz,Female,1313013182,1989-05-02,United States Virgin Islands
269,Jesse,Smith,russellwang@gmail.com,Male,+1-257-420-8531,1960-06-04,Estonia
270,Jennifer,Cline,blewis@greene-hamilton.biz,Other,338-408-1809,1993-08-05,Turks and Caicos Islands
271,Stacey,Garza,mwerner@hotmail.com,Other,340-972-6223,1974-06-16,Kuwait
272,Cynthia,Rice,kingsamantha@davis-hernandez.com,Male,282.186.2747x43048,1968-10-24,Russian Federation
273,Christina,Clark,chavezgene@obrien-cain.biz,Non-binary,796-011-6392,1960-04-01,Marshall Islands
274,Matthew,Alexander,uwilliamson@hotmail.com,Other,070-357-2212x56390,1959-09-25,Nicaragua
275,Angela,Harrison,brussell@lara.com,Male,+1-565-471-9816,1999-03-18,Iran
276,Alan,Velasquez,april84@hess-murphy.net,Male,+1-018-291-5681x717,1967-03-09,Costa Rica
277,Holly,Thomas,sullivanelizabeth@yahoo.com,Male,(938)486-6613x681,1966-06-26,Macedonia
278,Courtney,Jones,justinhernandez@yoder.info,Non-binary,418.834.0022x7809,1968-07-10,Romania
279,Hector,Holland,andreahester@hotmail.com,Non-binary,298.781.1499,1945-01-10,Antarctica (the territory South of 60 deg S)
280,Vernon,Greene,jessica99@hotmail.com,Other,220.371.4564x37965,1994-09-30,Gibraltar
281,Sergio,Davis,ronaldbarnett@hunter.com,Non-binary,898-459-6934x12453,1987-05-01,Vanuatu
282,Eugene,Russell,bshannon@hawkins.biz,Other,866.577.8006x95225,2005-09-19,Mauritania
283,Michael,Lowe,zpowell@yahoo.com,Female,(470)653-2352,2001-05-08,Timor-Leste
284,Raven,Hoffman,evansronald@hotmail.com,Female,(635)811-0827x5216,1961-11-25,Japan
285,Antonio,Martin,pjohnston@fuller.info,Other,001-438-531-0250x2217,1952-06-17,Russian Federation
286,Rachel,Stevens,sean50@yahoo.com,Male,423-076-9051,2004-06-23,United Kingdom
287,Alexis,Woodward,harryvillanueva@hotmail.com,Male,(565)901-0294,1978-10-09,Iran
288,Wendy,Shaffer,samuelpearson@brown-jenkins.biz,Female,022-509-5197,1976-09-10,French Southern Territories
289,Debra,Barrett,stephanie88@anderson.com,Male,707-542-4536x3200,1985-07-15,Dominican Republic
290,Karl,Hobbs,rwilson@gmail.com,Male,188.497.1137,1956-03-02,Saint Lucia
291,Randy,Phillips,brodgers@gardner.com,Other,+1-877-295-1087x472,1958-09-09,Brunei Darussalam
292,William,Perez,hudsontyler@smith.com,Non-binary,+1-266-017-0128x4817,2003-10-05,Palau
293,Sherry,Schwartz,margaretstewart@guzman.biz,Non-binary,+1-513-134-4903x146,1944-12-15,Cape Verde
294,Mary,Parrish,joannabrown@hotmail.com,Male,001-337-901-5414x15663,1983-06-12,Swaziland
295,Frederick,Garner,thomaschristopher@jimenez.com,Other,(959)375-3813,1993-08-09,Turkmenistan
296,Crystal,Jackson,martinezvalerie@gmail.com,Male,001-790-603-7938x78566,1952-02-03,Togo
297,Katherine,Williams,tscott@diaz.org,Female,4885203940,1962-06-01,Turks and Caicos Islands
298,Jerry,Webb,tiffanykelley@jensen.com,Female,(810)881-5316x707,2001-10-18,Saint Pierre and Miquelon
299,Dawn,Dixon,sophiagutierrez@hotmail.com,Other,+1-814-173-9882,1977-05-20,Cocos (Keeling) Islands
300,James,Johnson,tmorris@gmail.com,Female,001-777-853-6746x0087,1980-12-03,Spain
301,Ronald,Thompson,sandra33@gmail.com,Female,+1-243-802-8203x7457,1948-09-12,Taiwan
302,Charles,Graham,meadowschristy@gmail.com,Male,001-914-916-8385x835,1965-12-27,Djibouti
303,Patrick,Atkins,popeerica@doyle-manning.com,Male,+1-511-177-5965x41177,1996-03-19,Guyana
304,Karen,Hurley,gprice@harmon-wells.com,Male,+1-407-156-1544,1996-09-01,Dominican Republic
305,Ronald,Johnston,torresmargaret@davis.com,Non-binary,222.857.5159,1950-05-25,Comoros
306,Sheila,Paul,weaverrichard@hotmail.com,Female,4847539519,1979-02-25,France
307,Mark,Roberts,anthony21@raymond.com,Non-binary,377.295.0842,1972-03-18,Timor-Leste
308,Stephanie,Hobbs,ericaorozco@yahoo.com,Female,361-666-5611,1970-09-09,British Virgin Islands
309,Robert,Davidson,danielle28@gmail.com,Female,1093339595,1968-09-20,Palestinian Territory
310,Patrick,Gordon,ryan90@hotmail.com,Other,476-173-2484,1996-11-03,Greece
311,Natalie,Tate,allison70@johnson.com,Non-binary,434-187-1301x168,1947-09-17,Saint Pierre and Miquelon
312,Melinda,Leach,steve64@hotmail.com,Female,001-103-221-1655x038,2004-05-14,United Kingdom
313,Kent,Smith,cjohnson@morgan.com,Male,+1-983-134-7790x4429,1988-07-27,Tonga
314,Leroy,Franklin,gmiller@gmail.com,Non-binary,(065)147-9776x801,1984-11-26,Romania
315,Jerry,Gonzalez,xtaylor@yahoo.com,Other,8885162927,1992-04-26,French Southern Territories
316,Holly,Johnson,colonbrandon@robinson-chen.com,Male,001-235-845-5347x36424,1965-12-07,Peru
317,Paul,Stanley,bushderek@gay-perez.com,Non-binary,457.503.7791x28949,1967-01-22,Ghana
318,Travis,Hunter,mmendez@gmail.com,Male,+1-345-586-6217,1987-01-12,Pitcairn Islands
319,Shawn,Morris,noah96@gmail.com,Non-binary,+1-579-012-9955x981,1946-10-20,Poland
320,Kimberly,Newman,johnsonrebecca@gmail.com,Other,001-328-299-1177,1945-04-07,Switzerland
321,David,Klein,robrien@yahoo.com,Non-binary,647.439.0751x4298,1945-05-30,Albania
322,Rachel,Cooper,tamara36@yahoo.com,Other,+1-005-536-1168x8416,1991-06-03,South Africa
323,Thomas,Garcia,uwoods@fleming-campbell.com,Male,243-770-0633,1981-10-04,Guernsey
324,Monica,Wilson,kross@gmail.com,Non-binary,086-269-1974x0003,1985-10-17,Korea
325,Adrian,Hill,wbaker@hotmail.com,Female,838-003-3306x5277,2006-07-27,Bolivia
326,Susan,Baldwin,morgan45@yahoo.com,Non-binary,621-095-6921,1972-05-05,Indonesia
327,Jennifer,Cook,jeffrey56@hill.org,Non-binary,(955)030-1951x12892,1955-09-28,Honduras
328,Christopher,Campbell,ashleymary@gmail.com,Other,(222)761-8721x11584,1968-03-17,Haiti
329,Monica,Martin,xreese@whitaker-roth.com,Non-binary,(904)231-1215,1946-08-25,Guernsey
330,Kimberly,Davis,matthew82@jones-hernandez.net,Male,061-109-0821,1993-02-13,Guinea
331,Jeffery,Jones,kathygonzalez@poole.com,Other,+1-862-215-9232x61454,1979-08-22,Mauritania
332,Jon,Anderson,lrodriguez@gmail.com,Female,(864)806-4506,1962-10-14,Croatia
333,Courtney,Snyder,crosbytheresa@mayo-ford.org,Other,286-881-5945x91506,1982-04-21,New Zealand
334,Mitchell,Holland,sean75@cunningham-butler.com,Female,001-135-110-9956x320,1946-08-16,Faroe Islands
335,David,Brown,prestonjaime@williamson.net,Male,634-787-7395x189,1964-05-24,Antigua and Barbuda
336,Susan,Johnson,lbell@yahoo.com,Other,+1-930-170-0828x972,2005-05-27,Turkey
337,Andrew,Dean,penningtoncharles@hotmail.com,Female,542-300-0864,1945-06-14,Ghana
338,Joseph,Collins,dennisgilbert@yahoo.com,Female,462.490.0064,1982-10-04,Liechtenstein
339,Laura,Haynes,nthompson@burke-navarro.info,Male,+1-437-721-0427x405,1968-12-21,Tunisia
340,Stephanie,Wright,sharonjohnson@yahoo.com,Male,8235557508,2004-08-14,Palau
341,Louis,Rivers,robertsamy@hotmail.com,Non-binary,368-776-0350x074,1963-11-29,Cayman Islands
342,Daisy,Conley,rickycook@gmail.com,Other,+1-936-314-7736x508,1950-01-04,Saudi Arabia
343,Melissa,Baker,crystal93@holmes.com,Non-binary,(399)766-2317x9771,1986-10-30,French Southern Territories
344,Anthony,West,cassandra41@cervantes-payne.com,Non-binary,088-224-3390x87183,1962-09-19,Tuvalu
345,Jennifer,Carter,nathanielhall@hotmail.com,Other,7289912798,1945-09-30,Germany
346,Dustin,Delacruz,millertracy@yahoo.com,Male,(403)995-5223x030,1959-02-24,San Marino
347,William,Hunt,kempchristine@hotmail.com,Other,+1-748-560-1722x4475,1979-09-14,Panama
348,Matthew,Hernandez,kristincarter@gmail.com,Other,872-551-3875x793,1974-02-01,Chad
349,Heather,Watts,mcgeedenise@yahoo.com,Female,+1-032-031-5614x4305,1967-09-16,Greece
350,Suzanne,Martinez,shane87@yahoo.com,Non-binary,001-082-713-7160x700,1994-09-30,Luxembourg
351,Sheena,Roberts,ayoung@hoffman.com,Non-binary,0584542543,1976-09-06,Ghana
352,Carolyn,Manning,weekskristine@kaiser-morales.com,Non-binary,+1-031-987-2038x129,1998-04-04,Eritrea
353,Kathleen,Hudson,thernandez@lane.com,Non-binary,001-718-793-0182x077,1976-09-14,Timor-Leste
354,Ashley,Martin,qknox@hotmail.com,Female,001-988-168-5977,1983-04-11,United States Virgin Islands
355,Stephanie,Sanchez,tylermelinda@hotmail.com,Non-binary,001-517-014-2052x7430,1978-10-22,Liberia
356,Joseph,Callahan,shirley08@turner.com,Non-binary,191.670.1781,1993-02-12,Azerbaijan
357,Jeremy,Joseph,westjanet@yahoo.com,Male,786-648-3811x83991,1993-09-15,Senegal
358,Brian,Hill,bvilla@yahoo.com,Male,371.336.9652x3791,1945-08-05,French Polynesia
359,Pedro,Santana,randalltimothy@berry.org,Male,511.907.4328,2002-07-20,Christmas Island
360,Allison,Vasquez,cturner@lam-miller.info,Male,521.725.4864x15543,1960-01-09,Norway
361,Jared,Myers,crystal26@jackson.com,Other,556-133-7734,1948-09-28,Costa Rica
362,Jeanne,Thomas,ebrowning@hotmail.com,Male,+1-046-870-6332x8639,1991-08-11,Netherlands
363,Sandra,Murray,bmora@yahoo.com,Male,713-975-5120x76431,2001-09-26,Denmark
364,Theresa,Jimenez,steven22@collins.com,Other,(127)903-1980x514,1987-11-28,Solomon Islands
365,Aaron,Hawkins,mcdonaldclaudia@hamilton-rodgers.com,Other,+1-561-417-7716x37563,1977-05-10,Palau
366,Heidi,Williams,emora@hotmail.com,Other,491-916-0491x65247,1960-10-15,Jersey
367,James,Castillo,oquinn@gmail.com,Male,1264268143,1989-11-22,Estonia
368,Christina,Flores,scott38@yahoo.com,Male,339-921-7153,1957-03-03,Peru
369,Amber,Ramirez,obrienrobin@zimmerman.com,Non-binary,(908)832-3453x799,1967-08-20,Cyprus
370,Haley,Mason,lanejoshua@yahoo.com,Male,901-611-3016x68506,1983-06-27,Italy
371,Charles,Smith,hhinton@bailey-roberson.net,Female,670-190-4672x2046,1978-02-21,Chad
372,Angie,Lee,rebeccadavis@yahoo.com,Other,355.665.1900,1949-12-28,Nigeria
373,Nicholas,Alvarez,keith43@yahoo.com,Male,732-727-8400x83436,1961-11-26,Panama
374,Christy,Lane,amy82@hotmail.com,Non-binary,(952)078-9761x374,1958-05-12,Argentina
375,Michelle,Petersen,evansjames@black.com,Other,(524)135-0928x24042,1960-07-19,Netherlands Antilles
376,Jennifer,Levy,adam11@yahoo.com,Non-binary,966-004-0150x94352,1994-05-23,Zimbabwe
377,Christina,Brown,hectorwilliams@yahoo.com,Other,284-250-0655x01538,1985-09-02,Algeria
378,Heather,Friedman,brittany42@yahoo.com,Other,(655)797-4720x98670,1952-01-18,Monaco
379,Angelica,Taylor,adkinsmonica@gmail.com,Male,(834)101-7126,1993-05-26,New Caledonia
380,Matthew,Martinez,sarahcarpenter@hotmail.com,Non-binary,(014)383-9433,1963-01-07,Vanuatu
381,Jon,Joyce,ginarichards@gmail.com,Male,(768)809-9032x5605,1993-02-13,Saint Helena
382,Lee,Vasquez,jeffsimmons@yahoo.com,Female,+1-126-461-6966x974,1955-03-28,Montserrat
383,Darryl,Young,anitamorgan@sanchez-campbell.com,Other,4334877425,1983-11-27,Netherlands
384,Jason,Gibbs,schwartzmark@wells.org,Non-binary,001-473-866-3447x87101,2005-12-06,Saint Vincent and the Grenadines
385,Richard,Ellison,wardpamela@cook.com,Non-binary,727-928-9285,1995-04-28,Cuba
386,Brent,Howard,jacobnash@williams.com,Male,8975599413,1987-03-02,Uruguay
387,Jason,Jackson,jerome01@hotmail.com,Other,934.116.1574x5097,2003-10-29,Belize
388,Nicole,Juarez,xcunningham@chavez.com,Male,+1-688-249-9976x3123,2002-03-14,Andorra
389,Amy,Collins,robinrogers@best-herrera.biz,Other,001-197-266-7943,1982-03-25,Norfolk Island
390,Douglas,Evans,kenneth09@pearson.org,Non-binary,(788)861-7923,2003-06-21,Holy See (Vatican City State)
391,Matthew,Vaughn,vbaldwin@yahoo.com,Male,001-259-403-0239x38354,1989-02-17,Iran
392,Claire,Garrett,moniquewashington@hayes.com,Female,596.889.3668x5378,1991-04-23,Antarctica (the territory South of 60 deg S)
393,Dennis,Mcbride,kellyjames@yahoo.com,Non-binary,001-305-665-5590,1969-08-13,New Caledonia
394,Denise,Steele,heather51@gmail.com,Female,144.409.3985,1944-12-18,Qatar
395,Denise,Price,nicole09@burgess-ayala.net,Female,001-576-539-0972,1956-03-19,Australia
396,Jason,Howard,amorrow@morton-bates.biz,Other,665-739-5274,1947-02-27,Honduras
397,Angela,Charles,mrivera@yahoo.com,Male,957-908-7447x449,1997-08-19,Tunisia
398,David,Miller,randall87@mann.com,Male,345.544.8957x00049,1985-07-01,Fiji
399,Cheryl,Orozco,mbruce@johnson-simmons.info,Male,+1-233-254-7149x871,1966-03-11,Falkland Islands (Malvinas)
400,Emily,Montgomery,rodneyhughes@young.net,Female,(798)411-1749,1992-11-28,Romania
401,Levi,Davidson,wilsontom@garza-kelley.com,Female,001-278-299-5995x0527,1982-03-08,Benin
402,Lisa,Garcia,salazarjohn@jackson.com,Male,683-381-7904,1984-07-14,United Kingdom
403,Benjamin,Wright,clayedward@hotmail.com,Male,787-234-3831x0206,1978-04-22,Trinidad and Tobago
404,David,Jordan,davidhester@yahoo.com,Non-binary,968-967-2852,1955-10-14,Latvia
405,Elizabeth,Mcclain,howemichael@yahoo.com,Non-binary,700.333.9542x488,1987-03-04,Saint Martin
406,Jeffrey,Shaw,marytorres@gmail.com,Male,4651433961,1989-12-03,Tajikistan
407,Andrew,Gutierrez,carolyn55@gmail.com,Non-binary,479-356-1549,1975-08-03,Saint Lucia
408,Tonya,Allen,haley92@yahoo.com,Non-binary,781-991-8307,1950-11-03,Gabon
409,Alicia,Jackson,kylemyers@perez.net,Female,(953)408-7166x14605,1948-12-29,Timor-Leste
410,Allen,Diaz,opeters@yahoo.com,Male,+1-603-539-5949,1984-03-02,Tajikistan
411,Dillon,Butler,nguyenjoseph@yahoo.com,Non-binary,823-493-8263x551,2006-02-22,Barbados
412,Haley,Wright,elijahhammond@yahoo.com,Female,1804765600,1987-06-20,Chad
413,Gary,Roberson,stevenwarner@jones.com,Non-binary,090-660-8570,1960-02-06,Austria
414,Erica,Spencer,bmartinez@yahoo.com,Non-binary,569-401-2660,2005-08-31,Kiribati
415,Daisy,Cole,melissarichardson@hotmail.com,Non-binary,001-290-284-1996x632,1957-11-29,Bosnia and Herzegovina
416,Michael,Silva,morgan11@thomas-ross.info,Non-binary,(363)954-0266x370,1972-04-05,Tokelau
417,Michele,Mullins,roblesricky@jones.com,Female,001-959-662-9627,1974-11-18,Cayman Islands
418,Troy,Yoder,murillodenise@gmail.com,Female,(629)962-8962x7199,1950-04-07,Mauritania
419,Michelle,Hudson,lmorris@yahoo.com,Male,267-407-2191x4812,1960-06-13,Canada
420,Victoria,Knox,dhampton@gmail.com,Other,831-163-2166x46275,1969-03-25,Sierra Leone
421,Kristen,Elliott,smithaimee@stone.info,Non-binary,001-097-302-5060x16901,1987-12-27,Swaziland
422,Tricia,Lee,allisonreid@curry.biz,Male,(133)292-8690,1980-10-07,Dominica
423,Morgan,Rodriguez,carlos12@yahoo.com,Male,664.831.8076x669,1958-11-19,Japan
424,Darin,Fletcher,ojimenez@johnson-barrett.com,Non-binary,+1-892-748-6975,1998-11-02,Saint Martin
425,Colleen,Bradford,mgreen@brown.biz,Male,969-223-6023,1979-02-08,Taiwan
426,Allison,King,richard36@yahoo.com,Non-binary,014-663-5022,1989-07-27,Venezuela
427,Pam,Sandoval,watsonjames@moss.com,Female,173-416-3675x081,1978-11-12,Heard Island and McDonald Islands
428,Grant,Graves,chloe18@gmail.com,Female,629-004-7285x00221,1996-11-25,Uruguay
429,Alyssa,Buchanan,seanrogers@hernandez.com,Other,180-684-6557x04094,1983-08-12,Haiti
430,Kelly,Pena,carolyn38@yahoo.com,Non-binary,790-667-4617,1969-03-04,Turks and Caicos Islands
431,Travis,Ross,stephen70@gmail.com,Female,(524)744-8203x4171,1986-10-23,Mexico
432,Lawrence,Williams,bryan42@yahoo.com,Other,281-292-8456x51271,1999-05-12,Netherlands
433,Adam,Smith,ericajohnson@hughes.com,Other,+1-531-385-5861x342,1990-04-09,Russian Federation
434,Kenneth,Gould,orozcotracey@johnson.net,Male,(120)667-1995,1979-03-13,Maldives
435,Justin,Hawkins,christophermalone@yahoo.com,Non-binary,484-773-9641,1987-10-26,Netherlands
436,Tracey,Reyes,gilbertgloria@yahoo.com,Non-binary,(163)729-5191x885,1998-09-07,Cambodia
437,Chad,Diaz,christopher48@peterson-brown.net,Female,635-407-4192,1951-04-08,Thailand
438,Sandra,Frey,jgreen@hotmail.com,Non-binary,001-508-277-4740x213,1969-03-01,Ecuador
439,Bernard,Brown,cameronhanson@lutz.com,Male,557.729.8115,1995-03-19,Papua New Guinea
440,Carl,Dougherty,bparker@hotmail.com,Non-binary,1267719224,1958-03-09,Thailand
441,Kelly,Mccoy,taylorbutler@hotmail.com,Other,688.104.1418,1979-10-07,Venezuela
442,Kimberly,Acosta,collinsdustin@whitney.com,Other,001-236-802-0747x580,1998-05-26,Palau
443,Donna,Heath,stephaniegray@gmail.com,Non-binary,513-539-6106x71049,1968-01-01,Malaysia
444,Shannon,Carr,pandersen@stewart-anderson.com,Female,001-819-992-6334x2924,2006-11-24,Belgium
445,Madeline,Knight,dramirez@yahoo.com,Non-binary,040-484-9462x965,1989-09-12,Finland
446,Michael,Benjamin,bauerbenjamin@olson.com,Other,2793234814,1952-01-21,Vietnam
447,Jennifer,Scott,davisjulie@bailey-pearson.com,Other,+1-237-835-3745x493,1982-11-06,Sweden
448,Kristine,Luna,juanvaughan@richardson.com,Male,504.408.3328x613,1963-03-19,American Samoa
449,Renee,Sanders,phillip81@gmail.com,Other,+1-812-013-6172x96681,2000-06-18,Gibraltar
450,Amy,Wilson,elizabeth02@parker.biz,Female,(502)239-3310,1959-08-05,Brunei Darussalam
451,Cynthia,Brown,ewingelizabeth@yahoo.com,Female,001-787-293-9116x98524,1980-08-04,Saint Kitts and Nevis
452,Bobby,Hall,ericmorales@yahoo.com,Female,039.133.8302,1962-10-09,Gibraltar
453,Eric,Green,acostascott@hotmail.com,Other,001-295-526-5407x845,1968-06-11,Nicaragua
454,Jonathan,Gonzalez,nguyencharles@yahoo.com,Male,494.222.2397,1965-03-02,Palau
455,Dawn,Chavez,jennifermiller@hotmail.com,Other,(838)704-5852x3234,1992-05-16,Niger
456,Evelyn,Rodriguez,hsullivan@miller-smith.com,Male,775.273.0036,1955-06-19,Sri Lanka
457,Alejandra,Nicholson,sarahrojas@duran.org,Female,+1-755-606-8570x89454,1948-07-22,China
458,Stephanie,Villa,rparrish@reid.com,Non-binary,629.220.3396x89803,1969-11-03,Solomon Islands
459,Megan,Murphy,aobrien@wheeler-fisher.com,Non-binary,777.926.9563x56226,1992-06-15,Sri Lanka
460,Lauren,Harris,thomas22@pineda-anderson.org,Non-binary,+1-738-229-2693,1962-07-02,Yemen
461,Kimberly,Webb,msavage@gmail.com,Non-binary,638.524.1191x30635,1960-08-06,Angola
462,Drew,Bowman,leslieayers@booth.biz,Male,+1-624-450-8295x42531,2000-02-09,Fiji
463,John,Andrews,gprice@young.com,Other,(069)790-8407,2000-09-03,Portugal
464,Joshua,Barnes,thorntonkevin@mcneil.net,Male,311.649.7357x571,1948-05-05,Mongolia
465,Terri,Henderson,brian73@jones.com,Other,295.058.7943,1973-05-05,Bosnia and Herzegovina
466,Jose,Adams,ericwood@morgan-pierce.com,Male,(792)223-4599x7017,1998-10-10,Mauritius
467,Elizabeth,Lozano,aguilarjudy@hotmail.com,Non-binary,4598667080,1989-05-01,Antarctica (the territory South of 60 deg S)
468,Melanie,Hodge,smithkelli@hotmail.com,Non-binary,891.908.7216x1191,1962-09-17,United States Virgin Islands
469,Cody,Juarez,maryburns@brown-ingram.com,Other,802-918-0993,1975-01-29,Belize
470,Vanessa,Whitaker,cummingscatherine@hotmail.com,Female,072.139.5997x4588,1990-06-08,Taiwan
471,Jeffery,Valencia,carrollsara@parsons-lane.org,Non-binary,+1-750-493-3042,1998-01-30,Chile
472,Stacy,Evans,edavis@hotmail.com,Male,+1-428-970-8286x31291,1956-06-01,South Africa
473,Rebecca,Hayes,garywilliams@hotmail.com,Female,961.550.7965,1949-03-18,Lao People's Democratic Republic
474,Karla,Jackson,xfrazier@yahoo.com,Non-binary,+1-815-164-8342x572,1945-01-15,Costa Rica
475,Kenneth,Chandler,ericgray@reyes-hansen.com,Female,2861444880,1948-10-28,Andorra
476,Janice,Collier,taylor69@yahoo.com,Non-binary,6776933806,1949-04-28,Chile
477,Mary,Love,gonzalescody@hotmail.com,Female,9776805889,1997-12-21,Moldova
478,Nicole,Smith,laurapratt@yahoo.com,Other,4612032666,1992-09-13,United States of America
479,Ashley,Rivera,xparks@matthews.info,Non-binary,6371010132,2000-01-30,Saint Helena
480,Roberta,Perez,lopezamy@yahoo.com,Other,(853)243-2646x56652,1979-03-19,Guernsey
481,Willie,Flores,gcarroll@ray-jones.com,Non-binary,(017)799-2374,1968-12-09,Australia
482,Sarah,Williams,chavezchelsey@hernandez-jones.com,Non-binary,001-072-717-5207x2534,1991-01-19,United States of America
483,Joshua,Gordon,vcastro@strong.com,Non-binary,(829)813-6791,1974-12-14,Macedonia
484,David,Bass,olsenryan@richardson-wise.org,Other,+1-965-150-5001x6143,1993-04-06,Honduras
485,Jennifer,Taylor,alicialarson@edwards.com,Other,001-240-708-1474x3619,2002-05-10,Senegal
486,Tracey,Macdonald,burnskerry@perez.biz,Other,221-145-1580,1963-02-09,Zambia
487,Christy,Ramirez,trevor76@yahoo.com,Non-binary,(065)082-2030,1989-01-15,Denmark
488,Dawn,Garcia,michaelmccormick@yahoo.com,Male,+1-747-649-3579x2995,1946-08-15,Tonga
489,Charles,Soto,matthew53@gmail.com,Non-binary,+1-054-808-6839,1979-06-19,Sri Lanka
490,Beth,Jones,rebeccagentry@gmail.com,Other,423.401.6209,1984-05-28,Faroe Islands
491,Tracie,Davis,laurieburns@hotmail.com,Non-binary,5100385626,2006-09-15,Falkland Islands (Malvinas)
492,Timothy,Merritt,lopezjoshua@hogan.org,Other,2075178698,1945-08-18,Zimbabwe
493,Desiree,Jackson,juliecooper@gmail.com,Other,714.935.1834,1961-06-03,Serbia
494,Benjamin,Khan,alicia73@gmail.com,Female,001-633-779-5270,1978-01-18,Estonia
495,Michelle,Ellis,buckleyandrea@lewis.com,Other,445.801.9099,2001-07-18,Faroe Islands
496,Tina,Dean,timothy29@neal.biz,Female,660.634.7608x61089,2000-04-11,Kiribati
497,Stephanie,Sweeney,lisacoleman@greer.com,Female,+1-499-818-0041,1976-05-24,Ethiopia
498,Julie,Knight,shansen@johnson.com,Other,+1-910-300-0997x517,1972-09-11,China
499,Gene,House,steven21@yahoo.com,Male,7738232791,1944-07-08,French Polynesia
500,Heather,Perez,jeffrey70@gmail.com,Other,(472)473-3615x40694,1977-03-31,Mongolia
501,Kimberly,Rodriguez,clewis@ramirez.com,Female,888-731-4570,1996-10-24,Macedonia
502,Sierra,Williams,apalmer@gmail.com,Male,+1-140-974-2797x47575,1992-03-23,Lao People's Democratic Republic
503,Jonathan,Wilson,stephanie71@yahoo.com,Male,+1-674-208-6853x14330,1955-10-06,Maldives
504,Thomas,Miller,diana51@mendoza.com,Other,+1-260-410-0792,1964-08-13,Portugal
505,Heather,Rocha,jose75@simmons.com,Other,302-740-0155x583,1965-12-23,France
506,Derek,Myers,olsenstephanie@hotmail.com,Female,518-822-1282x63385,1973-01-06,Malawi
507,Julie,Miller,jasonwebb@meza-vargas.com,Male,001-004-173-4717x890,1977-09-23,Romania
508,Autumn,Owens,porteranthony@yahoo.com,Female,(155)740-3981x4552,1985-03-21,Saudi Arabia
509,Linda,Wright,shannonortega@yahoo.com,Non-binary,001-371-112-1063x7674,1976-11-16,Belgium
510,Stacey,Davis,emitchell@solis.net,Female,049-364-3658x631,1981-06-20,Tanzania
511,Scott,Riley,rrobinson@yahoo.com,Other,+1-011-396-2739,1948-07-21,Paraguay
512,Gina,Jenkins,mwright@garcia.com,Other,+1-568-212-5034x89798,1946-07-09,Lao People's Democratic Republic
513,Miranda,Alvarez,william69@romero.com,Other,001-368-619-8628,1953-05-10,Nauru
514,Gerald,Daugherty,alexandermendez@jacobs.biz,Non-binary,481-953-2628,1958-12-29,Morocco
515,Lindsay,Fisher,andersonjustin@yahoo.com,Female,+1-280-141-6095x031,1973-02-20,Guinea-Bissau
516,Brian,Phillips,wilsonjasmin@scott.org,Other,8930418449,1999-05-07,Spain
517,Matthew,Russell,zachary14@bass.com,Female,899-227-5294x0133,1951-02-14,Northern Mariana Islands
518,John,Martinez,melindaacosta@gmail.com,Male,(407)993-3928x44152,1985-01-22,Antarctica (the territory South of 60 deg S)
519,Kimberly,Rangel,wfernandez@yahoo.com,Female,001-129-645-2109x38450,1971-09-11,Australia
520,Lynn,Wood,griffithjoe@reid.com,Female,827.455.9434x738,1961-07-31,Togo
521,Jennifer,Burnett,robertmoore@webb.org,Non-binary,2577036894,1984-03-25,Ireland
522,Angela,Dodson,hernandezglenn@yahoo.com,Non-binary,654-279-5437x6892,1959-05-26,Netherlands
523,Lori,Day,moorekaren@gmail.com,Non-binary,274-843-1694,1952-03-25,Saint Vincent and the Grenadines
524,Tara,Harding,christopherdurham@yahoo.com,Non-binary,001-688-982-1131x0233,1993-12-08,Bulgaria
525,Cynthia,Simpson,wilsonmichael@yahoo.com,Non-binary,+1-286-618-6236,2002-07-06,Sao Tome and Principe
526,Dustin,Brown,jacobcarson@clark.com,Other,895-386-9874x7677,2002-08-18,Andorra
527,Frank,Sims,samuel50@cordova.com,Non-binary,(967)892-4006x4850,1988-08-03,Azerbaijan
528,Gary,Jenkins,seanperez@gmail.com,Female,(178)249-6306x2868,1994-03-12,Vietnam
529,Deborah,Horton,ltaylor@green-gonzalez.com,Other,+1-090-870-9739,1974-01-14,Antarctica (the territory South of 60 deg S)
530,Michele,Reid,rojasrichard@ware.com,Male,001-964-032-5140x21560,2001-12-22,Uruguay
531,Stephanie,Welch,smithnicole@lee.com,Female,001-141-797-0145x50087,1970-01-05,Montenegro
532,Erica,Thomas,bennettkristen@gmail.com,Other,024.304.7472,1967-12-22,Vanuatu
533,Riley,Price,skirk@yahoo.com,Non-binary,001-515-952-5102x789,1977-02-17,Micronesia
534,Patricia,Woods,ecastro@bowman.com,Male,718-596-2227,2000-08-04,Western Sahara
535,Cody,Arroyo,alvinestrada@gmail.com,Male,083.539.2038x7800,1953-05-25,Saudi Arabia
536,Nicole,Sutton,mariasalinas@blankenship.com,Non-binary,300.998.5354x20956,1952-11-26,Iceland
537,Erica,Diaz,xberger@daniels.com,Non-binary,+1-573-814-9592x4348,1946-09-30,Algeria
538,Henry,Reynolds,joneselizabeth@nichols-mason.biz,Other,730-163-3912x989,1958-01-09,Hong Kong
539,Garrett,Rodriguez,ericrusso@marquez-hodges.com,Non-binary,(280)181-9354x733,1995-01-08,Belgium
540,Kristina,Green,pflores@hotmail.com,Non-binary,(340)410-2422x11393,1961-04-15,Haiti
541,Sarah,Smith,amorgan@gmail.com,Non-binary,+1-789-445-5006x3904,1984-01-11,Falkland Islands (Malvinas)
542,Amanda,Taylor,markthompson@gmail.com,Non-binary,800.744.2753x0003,1977-09-28,Haiti
543,Denise,Tucker,johnkelly@gmail.com,Male,278-463-6329x966,1946-10-28,San Marino
544,Margaret,Roberts,mary05@phillips.com,Other,001-411-146-6703x624,1972-02-06,Japan
545,Robin,Chapman,jeffreycraig@robertson.com,Female,(977)676-5855x9399,1983-05-28,British Virgin Islands
546,Jonathan,Williams,brandon07@yahoo.com,Female,732.602.3544x4392,1985-05-10,Pakistan
547,Richard,Johnson,michaelfisher@hotmail.com,Other,955.306.9760x5536,1964-07-03,United States of America
548,Tony,Salazar,andrewramos@cobb-cochran.com,Male,(203)180-6080,1959-01-13,Bhutan
549,Rachel,Chen,ynguyen@yahoo.com,Non-binary,+1-242-934-2153,1946-07-18,Equatorial Guinea
550,Kevin,Bartlett,david83@hotmail.com,Non-binary,001-804-810-2462x53378,1963-05-18,Sweden
551,Lisa,Hernandez,williamsjeffrey@long-smith.org,Other,001-102-803-4421,1975-01-19,Aruba
552,Gina,Boyer,barrsara@gmail.com,Female,(506)292-4287x71742,1978-10-31,Seychelles
553,Kevin,Reeves,ericsmith@yahoo.com,Male,001-611-748-4895x412,1953-03-19,Indonesia
554,Theresa,Logan,paul28@carey-johnston.info,Other,001-035-145-2522x21261,1995-06-27,Burkina Faso
555,Charles,Hartman,taylorgregory@robinson.com,Male,001-710-819-3940x8690,1978-01-02,Sudan
556,John,Lawrence,nathanieltaylor@foster.com,Other,465-913-0800,1946-01-13,Slovakia (Slovak Republic)
557,Shawn,Sellers,bhunter@hotmail.com,Female,665.871.6540x97129,1978-06-22,Singapore
558,Richard,Crawford,omorris@gmail.com,Female,001-095-697-0213x509,1947-11-14,Svalbard & Jan Mayen Islands
559,Joseph,Ortega,tami34@washington.info,Male,(248)133-3877x704,1987-12-25,Svalbard & Jan Mayen Islands
560,Zachary,Bell,jacquelinegrimes@yahoo.com,Female,455-174-8829x2799,1999-07-18,Ghana
561,Katelyn,Ward,patrickjennings@yahoo.com,Female,001-912-156-9586x9091,1996-04-11,Gibraltar
562,Andrew,Patel,dclark@hotmail.com,Female,(050)756-7901x15609,1983-02-10,Uzbekistan
563,Isaac,Gallagher,obarrett@howard.com,Non-binary,662-863-6685x63345,1947-09-19,Faroe Islands
564,Sean,Underwood,kimberly68@yahoo.com,Female,079.978.5416x3415,1975-03-25,Portugal
565,Debra,Thomas,zlin@hester.com,Female,001-237-429-1596,1948-09-19,Cambodia
566,Denise,Hoffman,ewright@yahoo.com,Male,+1-626-705-5206x375,1977-10-20,Morocco
567,Kayla,Thomas,pgolden@pacheco-adams.info,Male,(661)268-7464,1977-10-10,Eritrea
568,Kristy,Castillo,theresa68@yahoo.com,Male,+1-959-692-2584,1953-07-04,Sao Tome and Principe
569,Mary,Allen,ohuber@yahoo.com,Non-binary,516-682-5585,2003-04-24,Maldives
570,Sandra,Hale,kenneth35@gmail.com,Male,138.935.0509x327,1979-10-03,Singapore
571,Leah,Dominguez,richardsonmark@hotmail.com,Female,252-774-5132,1945-12-22,Nicaragua
572,Michael,Foley,robert98@sandoval-powell.info,Female,+1-286-168-8806x4810,1944-01-18,Montserrat
573,Adam,Sullivan,lewischristine@yates.com,Other,460.049.6304,1987-07-11,Honduras
574,Jackie,Lane,christopher41@hotmail.com,Female,(954)182-7025,1976-04-27,Zambia
575,Madison,Douglas,rhendrix@walker-jefferson.net,Other,001-271-563-6332x52568,1950-07-26,Angola
576,Jason,Ortiz,cpatel@ramirez-lewis.com,Female,5294981875,1946-05-05,Guinea-Bissau
577,Taylor,Shaw,tamaralee@anderson-powers.biz,Other,+1-721-963-3009x173,1982-02-15,Afghanistan
578,Leonard,Owen,aberry@arias-schaefer.com,Female,+1-333-555-8697,1954-08-28,British Indian Ocean Territory (Chagos Archipelago)
579,Pamela,Chan,jessicaflores@yahoo.com,Male,(287)823-4250,1991-08-16,Northern Mariana Islands
580,Megan,Farrell,brandon48@yahoo.com,Non-binary,392.362.5032x237,1974-10-30,Holy See (Vatican City State)
581,Ryan,Cooper,davisbrandy@jones-allen.biz,Female,681.353.4133x55623,1990-10-24,Montserrat
582,Jermaine,Hurst,ograham@yahoo.com,Non-binary,051-614-6691,1994-06-23,Swaziland
583,Karen,Smith,gonzalesstephanie@rosales.biz,Male,001-421-505-3370x4582,1970-05-19,Nigeria
584,Jeffrey,Miller,kurt40@rodriguez-townsend.com,Other,001-248-204-8195x1946,2004-06-28,Macedonia
585,Richard,Campbell,arroyogregory@chen.org,Other,0548609220,1948-01-21,Greenland
586,Carla,Williamson,lwilliams@yahoo.com,Non-binary,518-408-5303,1985-08-21,Russian Federation
587,Kayla,Moore,cvalentine@hotmail.com,Non-binary,+1-812-416-5312,1980-02-22,Christmas Island
588,Susan,Hanson,melissa71@gmail.com,Male,(597)526-2649x53475,1995-06-08,Iraq
589,Melissa,Brown,santanajasmine@roy-sanchez.biz,Female,5395187656,1966-04-07,Guatemala
590,Renee,Alvarado,lewiskimberly@yahoo.com,Non-binary,4361508207,2006-07-28,Algeria
591,Megan,Perkins,susangarcia@hotmail.com,Male,001-284-011-8516x9201,2004-08-02,Tanzania
592,Thomas,Moore,brandon92@baker.net,Male,001-816-532-7361,1978-11-05,Myanmar
593,Nancy,Harris,jacksonraymond@hotmail.com,Non-binary,835.395.9819x34127,2000-02-03,Italy
594,Kimberly,Harrison,vdean@gmail.com,Non-binary,(055)698-1413,1985-08-19,Croatia
595,Dana,Ramos,ejohnson@nelson.com,Other,1199756309,1990-10-11,Romania
596,Heather,Charles,thomas85@hotmail.com,Male,761.603.5056,1953-01-15,Venezuela
597,Roger,Cherry,miranda01@gmail.com,Non-binary,198-007-5898x93203,1985-10-11,Czech Republic
598,Tracy,Stafford,danielortiz@gmail.com,Female,(165)460-0882x8601,1946-06-22,Puerto Rico
599,Christopher,Brown,kevin00@johnson.com,Non-binary,543-315-9003x28807,1971-06-12,Burundi
600,Madison,Hall,rileyapril@gmail.com,Non-binary,(309)474-7643x44482,1980-01-04,Antarctica (the territory South of 60 deg S)
601,Susan,Powers,silvanicholas@hotmail.com,Male,171-150-6791x019,1964-08-16,Ukraine
602,James,Castro,cynthia27@yahoo.com,Male,(318)302-4569,1980-01-06,Bosnia and Herzegovina
603,Peter,Pope,jameshamilton@jackson.com,Male,(468)579-5545,1991-11-12,Bolivia
604,Chelsea,Cardenas,rasmussenvictor@clark.com,Non-binary,(675)978-4991x8570,1976-03-14,Malta
605,Sherri,Hoffman,rogerdawson@waters-aguilar.com,Male,866.499.8582,1971-05-24,Burundi
606,Randall,Patel,lopezcaleb@berry.info,Female,178-423-9807,1957-05-24,Palestinian Territory
607,Donna,Sellers,kennethkelly@gomez.com,Non-binary,212.402.5199x99500,1991-11-25,Wallis and Futuna
608,Elizabeth,Wheeler,henry51@morgan.info,Other,554.327.6639x4101,1990-06-01,Ghana
609,Shari,Garcia,hollandtrevor@peters-harrison.com,Male,001-528-087-6873,1964-03-29,Italy
610,Steve,Day,vrussell@yahoo.com,Female,769.934.0227x1602,1982-08-26,Wallis and Futuna
611,David,Hall,jon99@gmail.com,Female,537-115-1109x219,1975-02-27,Estonia
612,Christopher,Rodriguez,aliciacampbell@yahoo.com,Other,001-035-369-2682x670,1958-11-21,Martinique
613,Patrick,Farley,martinezanthony@yahoo.com,Other,373-234-8757,1964-12-09,Lebanon
614,Christopher,Sanchez,halllaurie@hoffman-smith.info,Other,374.137.0750x6518,1950-11-10,Estonia
615,Philip,Evans,ericgraves@hotmail.com,Male,653-837-2038x434,1952-07-16,Estonia
616,Rodney,Howard,bryantjustin@alexander.org,Non-binary,001-264-980-6128,1976-12-09,New Zealand
617,Matthew,Martinez,chendricks@yahoo.com,Male,684.304.8402,1970-11-25,Trinidad and Tobago
618,Joseph,Watkins,gilbert82@yahoo.com,Female,694.092.4444,1964-02-21,Czech Republic
619,Paul,Green,todd84@martin-hubbard.com,Other,001-015-517-7523x46620,1998-07-20,Venezuela
620,Charles,Wells,jason55@hughes.biz,Male,606.338.5865x512,1999-05-31,Syrian Arab Republic
621,Megan,Howard,laurahunter@lloyd.com,Other,183-900-6141,1980-06-23,Japan
622,Luke,Thomas,ppowell@gmail.com,Non-binary,339-920-6370x38745,1965-10-02,Comoros
623,Walter,Hammond,anna64@gmail.com,Other,(188)128-3279,1993-10-11,Jordan
624,Samantha,Cook,ricky22@newman.com,Female,001-254-659-6459x9816,1961-05-07,Mayotte
625,Nicole,Campbell,psolis@yahoo.com,Female,286-341-5630,1992-06-27,Lithuania
626,Megan,Walker,wshaw@yahoo.com,Non-binary,001-989-698-2638x58195,1997-04-14,Sao Tome and Principe
627,Robert,Jones,bgregory@ramsey.com,Male,(061)514-8253x0395,1968-04-21,Honduras
628,Pamela,Choi,bsimon@houston-atkinson.com,Female,+1-999-164-0854x561,1996-06-28,Belize
629,Amanda,Dixon,joseph29@burns.com,Male,001-359-288-7211x3316,1982-03-23,Austria
630,Michael,Irwin,mitchellricky@hotmail.com,Male,918.325.9801x747,1960-06-11,Spain
631,Shawn,Lopez,amandajenkins@yahoo.com,Female,(910)643-8356x05177,1963-06-16,Lesotho
632,Melissa,Murphy,parkalexis@white.net,Other,+1-004-841-7424x93078,1992-05-03,Jamaica
633,Raymond,Davis,urobinson@miller.com,Female,+1-294-734-0676x4115,1996-12-15,France
634,Cheryl,Stuart,millermark@walker.com,Female,5865261824,1968-01-05,Panama
635,Matthew,Hernandez,shirley96@serrano.com,Non-binary,289-995-5554,1987-12-01,New Caledonia
636,Jorge,Hill,jesse59@hotmail.com,Male,+1-386-140-9891x7278,1957-07-19,Mali
637,Traci,Ruiz,pwatts@gmail.com,Female,383.384.0334x39213,1983-04-19,Philippines
638,Dana,Adams,kfitzpatrick@johnston.com,Non-binary,001-554-676-2406x4589,1987-10-23,Malaysia
639,Lisa,Wilson,linda41@yahoo.com,Non-binary,001-240-868-2217x71932,1995-04-08,Turks and Caicos Islands
640,Bryan,Long,brodriguez@hicks.com,Female,388-286-5835,1962-12-26,Austria
641,Gary,Allen,craigtara@gmail.com,Female,219-182-1585x724,1992-11-04,Mongolia
642,Richard,Brooks,richard71@gmail.com,Non-binary,(678)078-0887,1984-03-20,Ghana
643,Jennifer,Davis,mccarthymallory@castillo-schultz.net,Other,(524)106-9654x0368,1989-07-30,Taiwan
644,Mark,Vang,cindybanks@gmail.com,Other,(483)335-3233x99227,1950-08-22,Kyrgyz Republic
645,Robert,Harris,joseph20@bailey-stewart.com,Male,(275)636-2273,1976-08-07,Trinidad and Tobago
646,Brian,Hodge,crystal28@stevens.net,Other,634-009-8153,1993-04-01,Pakistan
647,Meagan,Hawkins,johnnygonzalez@campbell.com,Female,001-824-007-0921x907,1994-02-16,Micronesia
648,Mark,Baker,oliviaortega@evans.biz,Male,192.802.8875,1990-01-21,Ethiopia
649,Brianna,Rodriguez,wharris@coleman.org,Female,331.639.5894x594,2002-01-23,Poland
650,Michael,Larson,ashley35@hotmail.com,Other,+1-476-349-7372x694,1963-05-15,Saint Lucia
651,Brian,Wells,wagnerbradley@yahoo.com,Male,001-010-742-2670,1988-06-18,Kuwait
652,Derek,Herrera,bsantiago@yahoo.com,Female,185-513-9587,1955-02-20,Colombia
653,Joshua,Gray,jacobpreston@gmail.com,Other,491-654-8030x66330,1960-12-04,French Polynesia
654,Lindsay,Meza,cassandra95@wilson.com,Other,496-094-0019x4444,1951-05-22,New Zealand
655,John,Gonzalez,reynoldsrobert@hotmail.com,Female,967-430-5183x4981,1990-06-08,Sri Lanka
656,Austin,Fry,justinhester@hotmail.com,Non-binary,001-050-127-1332x2694,1984-06-14,Gibraltar
657,Devin,Webb,anelson@rodriguez-brown.com,Female,(997)804-6351x1823,1991-07-21,Kazakhstan
658,Victoria,Williams,patrick29@gmail.com,Non-binary,288.836.7014,1959-09-13,Uganda
659,Cynthia,Parks,susancarpenter@gmail.com,Male,+1-025-614-8075x30156,1994-01-27,Serbia
660,Mike,Blair,kmiller@hotmail.com,Male,001-560-546-8507x889,1998-01-21,Gambia
661,Trevor,Martinez,scott03@hotmail.com,Male,186-060-7912,1992-06-05,Niger
662,Wayne,Stephenson,ytaylor@manning-reynolds.net,Other,9296401824,1946-06-25,Denmark
663,Robert,Hines,kimberlybrown@hotmail.com,Other,833.844.9653,1972-02-16,Ghana
664,Aaron,Chavez,kkane@obrien-golden.com,Male,001-822-092-2824,1945-05-03,Sao Tome and Principe
665,Andrew,Mcclure,josephmatthew@wallace.com,Male,001-773-955-8619x7854,1957-01-25,Nigeria
666,Suzanne,Wilson,smithsean@gmail.com,Female,220-466-7366,1969-01-11,Mongolia
667,Steven,Morse,wcrane@murphy.biz,Female,375-592-9567x4923,1982-08-06,Bangladesh
668,Kelly,Nichols,marcus17@yahoo.com,Other,+1-593-029-9562x65632,1953-04-19,Malta
669,Donald,Mcintyre,lawrence51@hotmail.com,Other,+1-838-689-8083x289,1986-10-07,Kuwait
670,Brianna,Jones,zwright@hotmail.com,Non-binary,001-384-329-3769,1977-10-16,Tokelau
671,Daniel,Lucero,jamesphillips@hotmail.com,Non-binary,+1-583-626-2953x9206,2000-02-27,Botswana
672,Caitlin,Smith,ccrawford@kelly.com,Non-binary,184-503-8890,1962-09-12,Jamaica
673,Joanne,Potter,rossmatthew@rhodes.info,Male,001-742-935-1950x4166,1973-09-24,Mali
674,Alan,Goodman,timothylewis@yahoo.com,Female,6628589154,1998-11-14,Portugal
675,Benjamin,Parker,samanthabeasley@johnson-novak.com,Other,541.887.2305x487,1964-07-30,Chile
676,Bruce,Anderson,michael19@reed.com,Non-binary,989.039.1682x7798,1963-03-02,Liechtenstein
677,John,Santos,danielsmith@hotmail.com,Male,(128)251-1487x63133,1993-01-05,Qatar
678,Ryan,Arias,carla27@hall.com,Other,318.756.4104x28495,1967-08-21,Uzbekistan
679,Michael,Brown,lawrencerivers@brown.net,Non-binary,001-923-859-2642x49846,1993-03-16,Uruguay
680,Andrew,Mayer,cobbmaria@gmail.com,Male,(983)981-8809x47518,1956-10-01,New Caledonia
681,Stacey,Gonzalez,sullivansteven@erickson.com,Non-binary,001-637-926-4682x7992,1962-10-18,Northern Mariana Islands
682,Benjamin,Thomas,drichardson@gmail.com,Male,001-249-893-7395x02725,1949-09-25,Marshall Islands
683,Steven,Bowman,zstephens@dennis-martin.com,Female,3230033881,1969-09-30,Thailand
684,Luke,Johnson,francisjason@yahoo.com,Male,188-842-0027,1992-08-10,Faroe Islands
685,Robin,Krueger,maddencarmen@dunlap.biz,Other,+1-772-695-0895,1978-08-31,Chile
686,Terri,Hernandez,suzannekirk@hotmail.com,Other,+1-144-102-8967,1945-07-23,American Samoa
687,Amanda,Hernandez,aaronmckee@flores.info,Female,261-882-3246x4371,2002-10-05,Luxembourg
688,Keith,Clark,whiteheadlauren@murphy.com,Non-binary,+1-268-106-8283x978,1954-08-16,Brunei Darussalam
689,Angela,Morales,pattersonbrian@hotmail.com,Other,001-329-557-3186x431,1953-11-23,United States Minor Outlying Islands
690,Philip,Nicholson,robert24@norton.org,Non-binary,001-193-376-8249,1985-08-29,Estonia
691,Nicholas,Cohen,wendybrooks@gmail.com,Other,558-402-2429x2106,1994-08-20,Libyan Arab Jamahiriya
692,Larry,Gibson,larry98@todd.info,Non-binary,592-931-2285,1994-06-12,Palestinian Territory
693,Michael,Reed,schroederbrenda@yahoo.com,Male,(399)613-2393x48595,1987-07-06,Azerbaijan
694,Colin,Kim,matthewwest@bennett-mercer.com,Other,889.547.8870,1983-01-17,Belarus
695,Tyler,Miller,victoriataylor@hotmail.com,Female,001-377-398-4627,1975-11-30,Sao Tome and Principe
696,Michaela,Romero,smithtracy@pugh.com,Non-binary,833.548.8417,1958-10-14,Lao People's Democratic Republic
697,Ellen,Winters,tsmith@yahoo.com,Other,+1-334-213-4309x167,1966-02-21,Costa Rica
698,Jacqueline,Smith,marcsmith@phillips.info,Male,761-002-7460,1961-09-07,Somalia
699,Shannon,Day,nelsonjennifer@gmail.com,Non-binary,+1-410-244-2936x118,1944-04-21,Nauru
700,Andrew,Evans,jonesjason@gmail.com,Female,407.992.2898,1944-02-15,Congo
701,Amanda,Clark,fleon@hotmail.com,Male,+1-962-602-8277,1998-05-02,Antarctica (the territory South of 60 deg S)
702,Karen,Peterson,brian36@yahoo.com,Male,+1-893-057-4707x8245,1999-07-22,Guyana
703,Charles,Hughes,jessicaparker@noble.biz,Non-binary,109.669.4984,1964-08-24,Spain
704,Kenneth,Smith,kimberly59@callahan.com,Other,001-460-188-6750x367,1944-06-30,Liechtenstein
705,Jason,Johnson,lisathomas@gmail.com,Female,868.266.0023x8439,2006-06-11,Bolivia
706,Joanne,Andrews,samantha53@hotmail.com,Other,+1-789-121-9615x414,1970-05-30,Venezuela
707,Virginia,Burgess,jacqueline92@cole-dunn.com,Female,1377908246,2004-08-06,British Indian Ocean Territory (Chagos Archipelago)
708,Kelly,Newman,fgarrett@hotmail.com,Male,(426)333-9695,1979-12-08,Syrian Arab Republic
709,Bryan,Arnold,ojames@castro.com,Female,(263)895-9233,2004-02-28,Ukraine
710,Deborah,Allen,judithmiller@hotmail.com,Male,099-387-2493,1977-09-16,Cyprus
711,Michelle,Hernandez,johnsonjennifer@gmail.com,Female,458-882-1739x49161,1964-02-18,Bosnia and Herzegovina
712,Gina,Foster,ojackson@hotmail.com,Non-binary,969.002.9005x05581,1968-07-02,Heard Island and McDonald Islands
713,Paul,Norman,nicholascole@cooper.com,Other,755-657-5017,1974-01-19,Marshall Islands
714,Amy,Nguyen,dclayton@yahoo.com,Female,464-558-6434,1980-08-09,Azerbaijan
715,Ethan,Hogan,jennifer48@gmail.com,Male,(549)861-9277x593,1989-06-24,Falkland Islands (Malvinas)
716,Ariel,Tran,chad80@yahoo.com,Female,237-908-1492,1990-01-17,Mauritania
717,Nicholas,Nelson,joseanthony@sanchez-villarreal.com,Female,001-393-236-6538,1950-07-24,Guyana
718,Matthew,Smith,adamsanchez@yahoo.com,Other,446.914.3243,1958-11-13,Netherlands
719,Allen,Hubbard,josediaz@hamilton.org,Female,(170)373-7558,1947-10-28,Bulgaria
720,David,Melton,bergbrittney@yahoo.com,Non-binary,5946690248,1944-04-13,Azerbaijan
721,Jeffery,Jenkins,mstark@gmail.com,Female,739.308.2955x6080,1960-01-01,Congo
722,Debbie,Norman,davidchambers@hill.com,Non-binary,001-511-285-3058x798,1974-07-02,Ecuador
723,Debbie,Phillips,michaelboyd@pratt-casey.net,Male,254.777.4979,1971-03-01,Cameroon
724,David,Stevens,colleen48@yahoo.com,Female,470-395-9385x3291,1980-01-23,Pitcairn Islands
725,Daniel,Marquez,vterry@yahoo.com,Other,(953)353-9856x5036,1945-06-23,Bahrain
726,Holly,Glover,crystalwilliams@thomas.com,Other,882.807.2675,1982-08-26,Mayotte
727,Jacqueline,Ferrell,jerry22@chandler.com,Male,001-092-135-9956x4730,2005-10-01,Denmark
728,Jeremy,Alvarez,raymond12@yahoo.com,Other,+1-499-610-5928x643,1970-09-14,Mexico
729,Steven,Ellis,mbrown@hotmail.com,Female,001-911-027-5088x6846,1988-02-11,Macao
730,Robert,Hawkins,ohickman@romero.com,Other,520-724-9051x85407,1948-10-23,Morocco
731,Theresa,Larson,kingtravis@gmail.com,Male,(384)253-4199x821,1960-08-16,Haiti
732,Chad,Reid,ricealexis@kennedy-mcclain.com,Male,460-451-1811,1957-10-24,Denmark
733,James,Chavez,robertthomas@hotmail.com,Male,+1-232-531-4816x7682,1970-02-28,British Indian Ocean Territory (Chagos Archipelago)
734,Sarah,Cook,dhudson@gmail.com,Other,(934)234-5880x902,1969-01-11,Belgium
735,Cynthia,Dodson,michaelgarcia@salinas-benjamin.com,Female,085.319.7225x516,1956-12-28,Guyana
736,James,Powell,christine96@hotmail.com,Male,001-077-491-3994x37783,1997-06-08,Philippines
737,Jason,Jackson,cynthiacastillo@pope.org,Female,368.867.8654x4739,1977-09-23,Malawi
738,Kathy,Berry,zbrennan@hotmail.com,Other,001-554-924-4993x76196,1955-12-23,United States Minor Outlying Islands
739,Jeffrey,Boyd,usimmons@white-ayala.com,Female,979-594-3035,1949-08-31,Micronesia
740,Erica,Graham,robert96@yahoo.com,Female,(114)383-2167x25587,1972-09-12,Taiwan
741,Mason,Hall,jenniferunderwood@yahoo.com,Other,001-640-846-7375,1990-05-21,South Georgia and the South Sandwich Islands
742,Teresa,Freeman,gary17@francis-flores.info,Male,(724)384-6355x3196,1961-12-24,Bahamas
743,Judy,Barnes,kristinasmith@parker.com,Female,001-294-052-7716x76323,1983-01-04,Congo
744,Christine,Allen,phelpslisa@gmail.com,Non-binary,001-930-259-8934x633,1970-01-08,Burundi
745,Sean,Kemp,emartin@hotmail.com,Other,602-928-2788x889,1988-03-16,Burkina Faso
746,Joshua,Macdonald,jyoung@hotmail.com,Non-binary,943.043.1694x305,1962-09-30,Tuvalu
747,Elizabeth,Benson,lbrown@carlson-khan.com,Female,917-631-8272x4336,1946-09-07,Equatorial Guinea
748,Sonya,Graham,taylorlisa@lawson-long.com,Male,001-236-910-9121,1977-05-05,San Marino
749,Tracy,Foster,nguyendonna@vasquez.biz,Non-binary,312-312-7779x894,1960-02-26,Guinea-Bissau
750,Amanda,Buckley,wallerthomas@rocha-sutton.org,Non-binary,001-317-441-2679,1999-06-14,Anguilla
751,Rachel,Lin,loveashley@olsen.org,Other,068.114.5484,1953-12-24,Denmark
752,John,Jordan,kathleen13@black.com,Male,183.100.8920x074,1959-04-13,Liechtenstein
753,Erin,Gibbs,debrawashington@yahoo.com,Female,349-132-1627,1961-12-09,Egypt
754,Brian,Cummings,nicholas08@yahoo.com,Male,067.466.0388x4921,1947-06-05,Lesotho
755,Samuel,Matthews,jacksonmegan@gmail.com,Other,(335)722-5710,1995-01-29,Armenia
756,Nancy,Johnson,nhall@hotmail.com,Other,+1-927-459-3673,1991-05-22,Micronesia
757,Julie,Bennett,daughertyrichard@bryan-phelps.info,Non-binary,556.105.9684x5093,2004-02-23,Martinique
758,Timothy,Spencer,daniellecalhoun@moore.info,Non-binary,(664)359-6902x0720,1954-07-22,Northern Mariana Islands
759,Kathryn,Whitehead,zthomas@gmail.com,Male,6878927323,1967-04-22,British Virgin Islands
760,Jessica,Mitchell,jose89@yahoo.com,Female,819.644.6692x1006,1965-07-02,South Georgia and the South Sandwich Islands
761,Steve,Paul,qsmith@thompson.net,Other,308.146.0615x305,1997-06-04,Tonga
762,Rachel,Cross,dross@gutierrez-gregory.com,Non-binary,914-076-9602,1990-08-27,Malawi
763,Sara,Walker,johnny85@hotmail.com,Other,+1-311-701-7194x59496,1993-12-14,Cameroon
764,Matthew,Taylor,walterharrison@hotmail.com,Female,266.042.6715,1974-07-01,Kenya
765,Nicole,Oneill,oschultz@gmail.com,Non-binary,001-031-692-4913x10288,1995-06-18,Tanzania
766,Katie,Hayden,qhoward@yahoo.com,Male,607-875-3736x59188,1953-05-06,Guinea-Bissau
767,Edward,Mendoza,kelly37@hotmail.com,Female,(330)496-6797,1993-10-02,Togo
768,James,Murray,todd83@vance.info,Other,426-611-4067,1981-10-08,Cambodia
769,Michael,Miller,josefaulkner@gmail.com,Non-binary,802-105-7864x84130,1982-05-05,Congo
770,Timothy,Matthews,ramirezrebecca@yahoo.com,Female,(131)669-6446,2004-01-26,French Southern Territories
771,Sarah,Miller,gabrielberry@stevens.org,Other,001-093-805-1883x183,1965-05-07,Puerto Rico
772,Jordan,Acevedo,carriebrown@mccall.com,Non-binary,159-885-7392x80748,1956-02-01,Cambodia
773,Patrick,Roman,uwaller@vaughn.net,Female,334-911-9065,1970-01-27,Swaziland
774,Carl,Navarro,leeclark@hotmail.com,Female,413.032.4945,1997-06-08,Haiti
775,Anne,Merritt,jason08@herrera.com,Non-binary,096-290-3642,1945-02-27,Turks and Caicos Islands
776,Julie,Johnson,ystewart@gmail.com,Non-binary,851.767.2406x11483,1995-02-11,Bahamas
777,Tina,Maynard,anthony98@yahoo.com,Male,153-929-7436x096,1971-03-19,Kenya
778,Corey,Ruiz,victorpruitt@hotmail.com,Non-binary,382.451.1909,1980-03-25,Taiwan
779,Steven,Lee,matthew46@gmail.com,Female,(957)684-3362x706,1975-01-14,El Salvador
780,Lisa,Glass,merrittdouglas@hotmail.com,Male,428-031-2503x882,1952-03-21,Trinidad and Tobago
781,Richard,Green,amy76@yahoo.com,Other,001-848-617-3083x75905,1985-06-07,Kiribati
782,Amber,Reynolds,millerluke@fox.info,Male,001-152-711-5603x2945,1965-10-12,Saint Kitts and Nevis
783,Timothy,Howard,leekevin@johnson.com,Other,+1-572-913-0445x5940,1967-03-27,Holy See (Vatican City State)
784,Diane,Thompson,ruizlaura@daugherty-gray.info,Male,270.748.2210x866,1960-03-01,Ghana
785,Michelle,Parker,hornemichael@hotmail.com,Female,+1-132-404-8436x3995,1967-07-24,United Arab Emirates
786,Michele,Wong,hclark@diaz-franco.com,Female,001-056-386-3089x905,1974-08-18,Ukraine
787,Jordan,Roberts,webbalyssa@hotmail.com,Female,(816)828-1027x993,1987-07-06,Guadeloupe
788,Victoria,Greene,taylormegan@hotmail.com,Male,+1-134-133-1836x1297,1994-08-07,Grenada
789,Lisa,Wu,fosterjennifer@griffin.com,Male,(877)625-7090x036,1955-02-05,Tuvalu
790,Robert,Gibson,jonathanblake@yahoo.com,Other,1843723120,1969-12-25,Madagascar
791,Cynthia,Williams,kimberlyrodriguez@garcia.com,Male,001-689-043-6589,1974-05-27,Kuwait
792,Fred,Powell,newmannatasha@hotmail.com,Other,4431868423,1985-08-08,Indonesia
793,Patrick,Bailey,kevin77@gmail.com,Non-binary,+1-865-406-1255x3311,1953-06-21,Macao
794,Renee,Cantu,samantha77@dean-mack.com,Male,001-484-898-2071x5812,1961-10-14,Guatemala
795,Stephen,Andrews,cgray@chan-buchanan.com,Non-binary,+1-190-225-6466,1966-01-22,Turkmenistan
796,Bobby,Harrison,chaveznicole@nguyen-harris.com,Male,001-445-503-1395x6055,2003-11-05,Norfolk Island
797,Wesley,Cummings,james63@miller.com,Other,436.414.4121,2000-02-11,Slovakia (Slovak Republic)
798,Emily,Green,andrew87@yahoo.com,Male,035-294-5191,1993-04-07,Micronesia
799,Chad,Myers,meaganvaughan@gmail.com,Male,0932234782,1968-11-09,Cook Islands
800,Christopher,Robinson,thomasjennings@young.com,Other,(977)901-3731,1954-07-09,Portugal
801,Heather,Parker,russell13@gmail.com,Female,(869)097-5806x329,1997-01-03,Nepal
802,Kim,Bryant,gmejia@hotmail.com,Non-binary,685-053-6166x886,1952-11-28,Oman
803,Denise,Pratt,olsondonna@gmail.com,Male,1395035833,1968-01-29,Turkmenistan
804,Steven,Montgomery,phillipssteven@lewis-wood.net,Female,001-105-687-0310,1981-03-07,Andorra
805,Clifford,Wilson,franciscocarter@hotmail.com,Other,396-100-3022,1972-02-27,Equatorial Guinea
806,Robert,Huynh,gdouglas@gmail.com,Male,001-421-631-5067x269,1959-04-12,Guinea
807,Kelly,Blevins,dburnett@ryan-norton.info,Other,323.335.6397x592,1998-05-02,Germany
808,Parker,Tate,david99@yahoo.com,Female,206-376-0750x656,2001-08-11,Burkina Faso
809,Leslie,Ali,lindsey54@hotmail.com,Non-binary,512-943-3925,2002-02-27,Fiji
810,Nicholas,Perry,blackwelljoanne@rasmussen.com,Other,833-120-7837,1945-10-26,Russian Federation
811,Alan,Lewis,cmartin@yahoo.com,Female,7508172437,1950-05-28,Brunei Darussalam
812,Tracy,Williams,michaelgarcia@gmail.com,Non-binary,001-423-275-1589x3291,1944-11-24,Portugal
813,John,Jacobs,margaretadams@gmail.com,Male,7195894433,1947-05-27,Congo
814,Amy,Nixon,kingjohn@mckinney.com,Non-binary,(344)001-9851,1964-05-05,Pakistan
815,Catherine,Ponce,andreagay@bauer.com,Female,279.597.6694x4343,1970-08-04,Pitcairn Islands
816,Candace,Young,jasonfigueroa@gmail.com,Male,066-825-1379x040,1945-10-29,Latvia
817,Thomas,Knight,tylermcdonald@kane.net,Male,068.697.1751x1809,1950-10-23,New Zealand
818,Lori,Huynh,lallen@moore-jones.com,Female,(562)709-2538,1969-06-27,Chile
819,Phillip,Doyle,timothy46@mcintyre.org,Female,089-052-0510x6945,1960-07-22,Mauritius
820,Cynthia,Lane,josephparker@hotmail.com,Non-binary,058.033.9224x779,1998-04-02,Egypt
821,Megan,Buchanan,brandonrobertson@hotmail.com,Male,+1-159-109-9500x07537,1972-02-26,Greece
822,Jessica,Kim,tryan@yahoo.com,Other,626-343-4266x497,1949-07-17,Haiti
823,Diane,Summers,warnerjennifer@hotmail.com,Non-binary,933-336-9429,1957-02-27,Latvia
824,Jill,Barnett,karenbeck@hotmail.com,Other,411.989.6959,1995-06-18,Ethiopia
825,Stephanie,Lopez,rnewman@mercado.com,Non-binary,+1-054-981-6418x9340,1988-04-12,Chad
826,Gloria,Huff,jonesgerald@gmail.com,Non-binary,001-997-997-5061x640,1971-08-05,Saint Pierre and Miquelon
827,Robert,Smith,jamessantos@hotmail.com,Other,486.664.4306x4954,1961-02-28,United States Minor Outlying Islands
828,Stephanie,Torres,mgould@gmail.com,Female,230-652-7864,1948-03-18,Latvia
829,David,Russell,william94@gmail.com,Male,9461586109,1976-10-21,Zimbabwe
830,Timothy,Cox,kimberlypacheco@hotmail.com,Other,(769)212-1552x43672,2002-09-03,Cote d'Ivoire
831,Erica,Powell,larrymarquez@bradley-brown.com,Male,363.321.1074x10192,1994-04-13,Cambodia
832,Robert,Snyder,tjohnson@moss.com,Male,7312572321,1991-09-14,French Guiana
833,Rebecca,Carr,kmonroe@glover-brown.biz,Non-binary,001-412-369-3318x337,1960-06-17,Turkmenistan
834,Angel,Scott,matthewsstephanie@edwards.biz,Male,646.109.6572,1979-02-20,Kuwait
835,Brandon,Ray,juliemonroe@hotmail.com,Non-binary,012.156.1633x54382,2000-01-27,French Polynesia
836,Jerry,Murray,martinjeremy@rodriguez-stewart.com,Male,001-294-275-6767,2002-12-20,Bermuda
837,Ann,Alvarado,smccarty@miller.org,Female,2014610633,1997-11-16,Andorra
838,Sherry,Young,paulrebecca@hotmail.com,Non-binary,001-971-197-8924x85356,1969-12-08,Maldives
839,Douglas,Schultz,samantha05@hotmail.com,Non-binary,(162)550-3974x296,1957-03-31,Lithuania
840,Brittany,Gomez,longjoanna@hahn.com,Female,(440)103-0015x088,1999-12-05,Saudi Arabia
841,Claire,Anderson,xmahoney@cooper.com,Non-binary,224-183-4381,1975-12-08,Montenegro
842,Thomas,Thompson,mdaniel@hotmail.com,Non-binary,001-874-649-5195,1989-07-09,Nepal
843,Brian,Green,davidrodriguez@fleming-wolfe.com,Non-binary,001-501-761-7800,2005-12-21,Lithuania
844,Amy,Gonzales,michael60@yahoo.com,Non-binary,001-329-751-0999x24025,1967-08-20,Spain
845,Joshua,Reed,cooktyler@mann.com,Female,001-923-153-8263,1947-05-14,Georgia
846,Robert,Hill,zlopez@rivera.com,Other,(548)708-4366,1958-12-26,Mongolia
847,Lawrence,Hartman,david13@gmail.com,Male,647-604-7796x6365,1995-12-31,Chile
848,Anthony,Sandoval,linda32@hotmail.com,Female,883.394.1308x6530,1946-12-25,Tokelau
849,Brandy,Lewis,sandersspencer@gmail.com,Other,219-124-3718,1950-04-25,Peru
850,Angela,Bishop,nicholasvaughn@meyer-caldwell.com,Non-binary,+1-947-994-7848x8844,1992-07-11,Guyana
851,Jasmine,Young,glenntony@sullivan.info,Female,+1-887-859-8642x8664,2003-12-04,Philippines
852,Emily,Galloway,alexandersharon@gmail.com,Male,527.243.5572x5798,1967-05-15,Equatorial Guinea
853,Ronald,Farmer,ericshaw@hotmail.com,Other,466.290.9037,1962-04-24,Somalia
854,Jillian,West,alanroberts@riggs.com,Female,001-165-446-3473x3975,1964-11-20,Kyrgyz Republic
855,Jacob,Hansen,xwhite@yahoo.com,Male,(126)445-8506x0431,1974-05-25,Switzerland
856,Christina,Butler,mhood@gmail.com,Other,795.931.0769,1970-12-29,Fiji
857,Jamie,Blackburn,avilavicki@taylor.org,Female,679.000.4068x853,1976-09-13,Hungary
858,Eric,Barnes,amber25@moore.org,Other,(829)659-2243x280,1972-07-12,Afghanistan
859,Kendra,Robertson,wolfchelsea@brown.com,Other,+1-091-334-3256x2391,1974-07-12,Latvia
860,Patricia,Lee,stacybecker@yahoo.com,Other,956-326-2154x9628,2003-07-09,Tonga
861,Jenna,Acosta,mikayla39@yahoo.com,Female,+1-846-785-2120x12008,2006-08-28,Hong Kong
862,Hunter,Fuller,jacobrobinson@gmail.com,Female,878-398-0881,2000-06-03,Micronesia
863,Caitlin,Campbell,wilsonchad@yahoo.com,Other,(788)866-2565,1993-06-29,Botswana
864,Jared,Mendez,daniel75@baker.com,Other,001-930-298-6799,1960-01-31,Christmas Island
865,Nicholas,Goodman,brownanthony@gordon.biz,Male,8007568523,1989-11-11,Heard Island and McDonald Islands
866,Rhonda,Stone,johnsonbarbara@cruz-goodman.com,Other,001-204-603-7416x231,2004-01-23,Bhutan
867,Michelle,Richards,michele16@gmail.com,Female,958-954-7227x9435,1988-09-02,Vanuatu
868,Kevin,Carpenter,xkelly@christian.com,Male,001-258-020-4422x8744,1966-09-22,El Salvador
869,Tammy,Ward,joannewillis@yahoo.com,Other,497-936-4597x8257,1962-10-30,Libyan Arab Jamahiriya
870,Emily,Hebert,jennifer27@swanson.com,Female,001-565-969-7186x3112,1947-12-31,Czech Republic
871,Steven,Medina,bethanyshah@gmail.com,Male,734.754.4245x024,1966-10-31,Benin
872,Cole,Lawson,rodney56@zamora-allen.com,Male,118-741-6503x05252,1954-07-09,Niger
873,Christopher,Bruce,farrellsandra@yahoo.com,Other,005.936.0470,1952-04-16,Malta
874,Amy,Hays,brett25@hotmail.com,Male,5680815225,1980-10-31,Montserrat
875,Teresa,Miller,dboone@small-russell.org,Other,261.796.4451,1975-10-19,Indonesia
876,Elizabeth,Smith,traciharris@mendez.net,Female,(315)862-9211x585,1958-05-02,United Kingdom
877,Jacob,Bryan,brockamber@hotmail.com,Male,(624)572-8142x62946,1951-09-25,French Polynesia
878,Christy,Johnson,youngkaren@gmail.com,Non-binary,(654)485-6821x667,1953-04-24,Hungary
879,Thomas,Grant,hugheslucas@yahoo.com,Other,(694)712-5841x60139,1992-10-29,United States Minor Outlying Islands
880,Stephen,Hayes,danielreid@yahoo.com,Other,+1-737-366-2567x34142,1981-06-20,Romania
881,Joseph,Adams,sjohnson@yahoo.com,Male,(803)600-5313,1968-09-18,Martinique
882,Allison,Hoffman,davisjames@yahoo.com,Female,001-634-683-9786,1988-12-24,Slovakia (Slovak Republic)
883,Donald,Peterson,aaronmoses@gmail.com,Other,596.726.0326x11725,1969-02-25,Papua New Guinea
884,Jon,Gutierrez,russellhowell@yahoo.com,Non-binary,976-123-9301x7758,1960-08-14,Somalia
885,Lisa,Howell,nwells@hotmail.com,Female,288.644.2913x034,1987-05-08,Philippines
886,Marie,Stafford,snyderdavid@johnson.com,Male,064-900-2252x14699,1962-02-20,Saint Barthelemy
887,Denise,Rodriguez,ooconnell@george-horton.com,Other,+1-119-310-6492,1981-08-08,Senegal
888,Andrea,Flynn,millsdaniel@gmail.com,Non-binary,(663)615-2069,1977-04-06,Liberia
889,Chris,Bright,etorres@gmail.com,Female,+1-362-058-8920x265,1965-03-04,Fiji
890,Haley,Gomez,juliemurphy@cole-malone.com,Non-binary,(039)838-8084x317,1951-04-03,Ireland
891,David,Randolph,jose58@chan-moore.com,Female,(573)567-8630,1988-07-30,Singapore
892,Crystal,Miles,calderonelaine@landry.com,Non-binary,(525)292-5758x8028,2001-12-03,Canada
893,Megan,Wagner,bakerbrian@walker-burton.info,Non-binary,905.506.6381,1955-09-05,Peru
894,Heather,Adams,ubrown@hotmail.com,Female,3104480495,1965-02-28,Greenland
895,Ricardo,Adams,fjohnson@yahoo.com,Female,945-847-6639x906,1994-06-06,Antarctica (the territory South of 60 deg S)
896,Angela,Cisneros,zchristensen@hotmail.com,Female,297.938.8657x63031,1964-01-22,Saint Lucia
897,Karen,Meyer,brownrebekah@hotmail.com,Other,+1-004-192-9795,1974-03-06,Bahrain
898,Adam,Raymond,lopezrichard@hotmail.com,Male,(141)748-7612x144,1947-02-18,Panama
899,Marie,Blake,danielwoodard@smith.com,Other,778.598.1484,1991-12-24,Oman
900,Andrew,Hill,matthewrogers@hotmail.com,Other,+1-640-544-1819x7717,1956-04-25,Montenegro
901,Michael,Hale,john05@yahoo.com,Male,317-188-5435,1953-12-22,Kenya
902,Reginald,Martin,nelsonjulie@gmail.com,Male,+1-227-902-7288x35114,1961-08-07,Faroe Islands
903,Jason,Stevenson,wheelermaria@peterson.net,Other,392.330.1588,1966-09-02,Austria
904,Dillon,Doyle,nancyproctor@jones.com,Other,(200)748-9577,1949-01-08,Montserrat
905,Ann,Johnson,ecooke@yahoo.com,Male,+1-706-325-5403,1988-09-04,Estonia
906,Erik,Stone,alexanderjesse@wilson-carr.biz,Male,+1-958-707-0897x57146,1964-08-14,Belize
907,Justin,Gibson,hallkimberly@massey.com,Non-binary,257-451-5317,1984-09-08,Guatemala
908,Sue,Williams,danielle78@hotmail.com,Female,166-755-3765,1993-10-13,San Marino
909,Robert,Perez,jeffersonnancy@thomas.info,Female,+1-282-609-1230x1974,1993-07-07,Saint Barthelemy
910,Nathan,Graham,stefanie35@yahoo.com,Male,001-548-810-1989,1968-08-13,Slovakia (Slovak Republic)
911,Elizabeth,Reyes,johnsonerica@hotmail.com,Female,001-586-524-1661x984,1973-01-25,Bahrain
912,Isaac,Phillips,qwilkins@johnson.com,Female,462-510-5636x939,1990-01-05,Niger
913,Kaylee,Jones,rbrock@madden.com,Non-binary,001-004-035-1869,1976-11-07,Japan
914,Donna,Martin,hilldiana@brooks.com,Female,(147)561-9809,1958-07-08,Belarus
915,Christian,Black,srivera@hicks.com,Other,+1-078-730-6085x381,1978-08-15,Ecuador
916,Richard,Dickson,mark78@lutz-trevino.net,Female,+1-601-693-0092,1987-07-26,Barbados
917,Gabrielle,Hart,whitneyanna@hotmail.com,Female,454.995.9418x461,1959-09-16,Anguilla
918,Adrienne,Castillo,kristi80@richardson.com,Male,+1-189-158-2212x948,1959-11-02,Bolivia
919,Elijah,Wise,njuarez@hotmail.com,Male,(215)343-5965x003,1957-10-07,Paraguay
920,Jaclyn,Humphrey,madisonstephenson@mcguire-chen.com,Male,(135)815-7484,1987-12-13,Guinea
921,Steve,Sutton,rodriguezsheri@gmail.com,Male,(975)124-5826x11698,1998-11-18,Antigua and Barbuda
922,Glen,Harmon,wbauer@skinner-jensen.com,Female,143.470.1339,1955-04-05,Norfolk Island
923,Rebecca,Wallace,stephanie86@wolfe.net,Male,+1-489-358-6882x08536,1998-12-10,Argentina
924,Cynthia,Nunez,smithalyssa@olson-wright.com,Male,001-809-721-8124x925,1959-06-04,Liberia
925,Steven,Stephens,jsilva@yahoo.com,Non-binary,614.779.3778x9606,2004-06-18,Malaysia
926,Lori,Gilmore,johnroberts@nelson-dougherty.biz,Female,+1-853-643-4735x10145,1974-04-20,Saint Pierre and Miquelon
927,Chris,Williams,allenglenn@yahoo.com,Female,(940)959-9111,1952-06-18,Morocco
928,Dennis,Martinez,christophermathews@hunt.com,Other,986.409.7783,1995-01-02,Armenia
929,Shane,Garner,shawalicia@hotmail.com,Non-binary,582.815.2757,1969-11-20,Guernsey
930,Michael,Patrick,rgarner@ray.com,Other,072.165.2839,1970-05-24,Djibouti
931,Hannah,Hill,markjackson@nelson.net,Male,+1-575-259-1039,1975-08-16,Hong Kong
932,James,Cervantes,leahtorres@gmail.com,Female,(801)722-3337,1964-07-20,Mozambique
933,Robin,Oconnor,jacobsanchez@jimenez.org,Other,(609)527-2308x37018,1998-11-30,Namibia
934,Tyler,Maddox,johnsonrenee@yahoo.com,Other,(696)168-7301,1947-08-26,French Southern Territories
935,Lori,Clark,bryanburton@paul.biz,Male,4058455925,2000-01-09,Central African Republic
936,Katelyn,Guzman,stevengutierrez@gmail.com,Male,298-937-0585,1978-07-27,Brunei Darussalam
937,Brooke,Dillon,joseph38@yahoo.com,Male,980-130-4740x45505,1953-04-12,Ghana
938,Richard,Ramos,jonathanlopez@beck.org,Male,128-242-8451x2489,1989-06-12,Bolivia
939,Paula,Mayo,amberroth@meyer.com,Female,631-290-6738x241,1987-06-22,Saint Kitts and Nevis
940,Dawn,Walker,mayrobert@yahoo.com,Non-binary,(746)165-7182,1973-07-16,Burkina Faso
941,Susan,Anderson,walkerelizabeth@williams.com,Other,219.419.0854x9859,1993-01-25,British Virgin Islands
942,Samantha,Ochoa,singletonterri@jenkins-cook.biz,Other,(375)749-2023,1991-02-06,Kenya
943,Michael,Maxwell,wilkersonjoel@yahoo.com,Male,340.527.5515,1963-05-19,Holy See (Vatican City State)
944,Toni,Morrison,meagan22@collier.biz,Male,278-639-6848x2746,1984-04-20,Cayman Islands
945,Johnny,Reyes,thomasmegan@jackson.com,Non-binary,(089)192-3581x025,1967-06-09,Swaziland
946,Denise,Ward,brownwilliam@yahoo.com,Female,(000)395-6619x4576,1970-02-19,Trinidad and Tobago
947,Nathan,Woods,johnsonnathan@hernandez-goodwin.com,Other,001-653-989-3766x0465,2005-09-28,Poland
948,Jeffrey,Jackson,james28@mitchell-brooks.org,Other,(507)468-1384,1957-07-22,British Indian Ocean Territory (Chagos Archipelago)
949,Susan,Montgomery,kelly92@yahoo.com,Female,536.091.9884,1972-01-10,Somalia
950,Brenda,Shaw,vwilliams@pratt.com,Male,(410)557-2184x185,1950-02-19,Bahamas
951,Nicholas,Todd,fhurley@bradshaw-allen.biz,Male,(026)791-9143x94118,1999-04-16,Nigeria
952,Jessica,Abbott,franciswilson@gmail.com,Non-binary,804.400.8006x1921,1978-12-28,Suriname
953,Meghan,Foster,powersashlee@gmail.com,Female,082.782.0130,1967-05-21,Macao
954,Brent,Anderson,washingtonapril@jones-barrett.org,Male,(936)925-0122x6618,1960-02-14,Marshall Islands
955,Debra,Knox,james40@murray.com,Non-binary,849.504.9149x09111,1990-11-23,Turkmenistan
956,Laurie,Jones,rodriguezdaniel@oconnor.com,Female,2916890643,1973-01-26,Oman
957,Kathleen,King,wilsonjesus@hotmail.com,Non-binary,+1-052-505-3745x336,1947-12-14,Kazakhstan
958,Danielle,Carney,chelsea41@alexander-lynn.com,Female,001-423-402-0404x032,1991-09-24,Greece
959,Tanya,Mendez,omueller@gmail.com,Other,+1-085-255-8641x83444,1972-04-26,Mauritania
960,Derek,Cortez,slee@hotmail.com,Male,001-864-645-0967,1971-03-13,Myanmar
961,Mark,Neal,ssnyder@gmail.com,Female,(318)169-1961,1987-12-27,Macedonia
962,Jade,Mcknight,bthomas@conrad.com,Other,+1-292-428-5388x204,1950-02-03,Togo
963,Lisa,Smith,ysosa@yahoo.com,Female,156.659.7429,1952-02-14,Holy See (Vatican City State)
964,Donald,Morris,hodgescesar@moore.com,Male,147-990-1386,1983-12-21,Burkina Faso
965,Keith,Berry,williamschristine@hotmail.com,Non-binary,374-950-0186x373,1985-09-28,Slovenia
966,Jacqueline,Osborn,nicholas63@yahoo.com,Non-binary,744.429.0657,1967-07-03,Lesotho
967,Patrick,Pearson,paullee@hotmail.com,Female,431.907.4209x1018,1950-08-08,Grenada
968,Alexandra,Rodriguez,melinda15@wagner-miller.com,Male,8400122188,1952-04-29,South Georgia and the South Sandwich Islands
969,Donald,Ward,montoyaabigail@lane-james.com,Female,037.067.9353x448,1956-08-27,New Zealand
970,Mary,Alvarez,llopez@gmail.com,Female,001-207-778-8840,1975-09-25,Puerto Rico
971,Laura,Steele,anthonypittman@williams.com,Male,001-090-629-4104x481,1954-01-01,Mozambique
972,Michael,Dawson,abigail05@gmail.com,Other,195.307.3775,1946-02-14,Afghanistan
973,Jose,Cantu,jessica26@lloyd.com,Female,001-626-397-0621,1962-09-27,Lebanon
974,Dana,Chapman,andersonelizabeth@pace.biz,Male,217-270-5100,1975-09-07,Western Sahara
975,Lindsey,Miller,apatrick@mccoy-tucker.com,Other,249-254-1781,1998-10-20,Faroe Islands
976,Felicia,Randall,teresa89@hotmail.com,Female,295-673-1304x62678,1959-07-19,Seychelles
977,Marc,Castaneda,cvasquez@hotmail.com,Non-binary,6142387073,1970-06-10,Suriname
978,Angela,Jenkins,manuel28@yahoo.com,Non-binary,(966)190-3695,1949-11-26,Czech Republic
979,Stanley,Wilson,jeremypage@jensen.com,Female,7249219379,1954-06-15,Saint Martin
980,Diana,Lee,farmerjennifer@gmail.com,Other,0811176570,1969-11-09,Isle of Man
981,April,Brown,bmcintyre@barrett.biz,Male,668.525.8281x4780,1956-10-26,Svalbard & Jan Mayen Islands
982,Julian,Martinez,mcdonaldmiranda@gmail.com,Non-binary,852.899.6936x6811,1979-07-23,Libyan Arab Jamahiriya
983,Emily,Nixon,george10@hotmail.com,Male,(047)804-3170x401,1944-05-30,Saint Lucia
984,Teresa,Alexander,javierlopez@gmail.com,Female,866.009.5147x67250,1986-01-21,Macedonia
985,Kristina,Cohen,angela14@richards.net,Female,001-822-320-0867x7535,1989-07-04,Netherlands Antilles
986,Daniel,Griffin,barbaramartin@burke-cunningham.biz,Non-binary,098.105.1355x40221,2003-07-20,Montserrat
987,Connor,Trevino,snydertravis@long-scott.biz,Other,684-783-4118x26685,1973-10-09,Guernsey
988,Dawn,Young,amydavis@hotmail.com,Non-binary,625.043.3841x556,1954-09-29,Romania
989,Jordan,Burke,glewis@lang.info,Female,(786)346-3025x808,1955-02-25,San Marino
990,Alexis,Rodriguez,dryan@nelson.com,Other,+1-011-128-0547x8849,1958-12-10,Palau
991,Kristopher,Hall,flynnapril@gmail.com,Other,0002171639,1963-02-03,Macao
992,Michelle,Austin,kbest@schwartz.com,Non-binary,769.319.8571x14251,1945-01-21,Mongolia
993,Andrew,Murray,anita28@leblanc.biz,Male,(192)383-9134,1968-11-19,Aruba
994,Jeffrey,Flores,nvargas@thompson.com,Other,495-419-8960,1962-05-01,United Arab Emirates
995,Melissa,Anderson,staceymahoney@sellers.info,Male,001-184-577-0395x23172,1950-10-14,Iran
996,William,Moore,duncanchristopher@young.com,Female,348-702-7684x6821,1991-06-18,Antarctica (the territory South of 60 deg S)
997,Francisco,Owens,patricia76@gmail.com,Female,141.616.6871,1945-12-08,New Caledonia
998,Kelly,Clark,rothgregory@gmail.com,Non-binary,0702577610,1984-07-01,United Kingdom
999,Henry,Mcdonald,virginiasmith@johnson-walker.com,Male,939.522.2308x304,1981-12-02,Nigeria
1000,Lisa,Myers,gmcpherson@yahoo.com,Female,+1-778-331-3173x9751,1999-11-13,Sao Tome and Principe
